loan_id,date_loan,amount,duration,payments,status,frequency,date_account,account_district_name,account_district_region,account_district_no. of inhabitants,account_district_no. of municipalities with inhabitants < 499,account_district_no. of municipalities with inhabitants 500-1999,account_district_no. of municipalities with inhabitants 2000-9999,account_district_no. of municipalities with inhabitants >10000,account_district_no. of cities,account_district_ratio of urban inhabitants,account_district_average salary,account_district_unemploymant rate '95,account_district_unemploymant rate '96,account_district_no. of enterpreneurs per 1000 inhabitants,account_district_no. of commited crimes '95,account_district_no. of commited crimes '96,birth_number,gender,client_district_name,client_district_region,client_district_no. of inhabitants,client_district_no. of municipalities with inhabitants < 499,client_district_no. of municipalities with inhabitants 500-1999,client_district_no. of municipalities with inhabitants 2000-9999,client_district_no. of municipalities with inhabitants >10000,client_district_no. of cities,client_district_ratio of urban inhabitants,client_district_average salary,client_district_unemploymant rate '95,client_district_unemploymant rate '96,client_district_no. of enterpreneurs per 1000 inhabitants,client_district_no. of commited crimes '95,client_district_no. of commited crimes '96,balance_mean,balance_max,balance_min,balance_std,reached_negative_balance
5314,930705,96396,12,8033,-1,weekly issuance,930322,Sokolov,west Bohemia,94812,15,13,8,2,10,81.8,9650,3.38,3.67,100,2985.0,2804,470722,F,Sokolov,west Bohemia,94812,15,13,8,2,10,81.8,9650,3.38,3.67,100,2985.0,2804,12250.0,20100.0,1100.0,8330.8663014919,1.0
6903,940604,52128,24,2172,1,monthly issuance,930913,Sokolov,west Bohemia,94812,15,13,8,2,10,81.8,9650,3.38,3.67,100,2985.0,2804,590717,F,Praha - zapad,central Bohemia,75637,35,36,9,0,7,36.5,9622,0.45,0.59,154,3475.0,3529,33459.68028169013,59944.2,144.2,20087.365029779434,1.0
5316,930711,165960,36,4610,1,monthly issuance,930213,Nachod,east Bohemia,112709,48,20,7,3,10,73.5,8369,1.79,2.31,117,2854.0,2618,680722,M,Nachod,east Bohemia,112709,48,20,7,3,10,73.5,8369,1.79,2.31,117,2854.0,2618,52083.85945945945,120512.8,700.0,29122.059453945632,1.0
6863,930728,127080,60,2118,1,monthly issuance,930208,Jicin,east Bohemia,77917,85,19,6,1,5,53.5,8390,2.28,2.89,132,2080.0,2122,360602,M,Jicin,east Bohemia,77917,85,19,6,1,5,53.5,8390,2.28,2.89,132,2080.0,2122,30060.954166666666,49590.4,800.0,11520.184451043691,1.0
6668,940730,74736,36,2076,1,monthly issuance,930626,Jicin,east Bohemia,77917,85,19,6,1,5,53.5,8390,2.28,2.89,132,2080.0,2122,651029,M,Jicin,east Bohemia,77917,85,19,6,1,5,53.5,8390,2.28,2.89,132,2080.0,2122,37912.99850746269,62084.0,700.0,10605.688112953358,1.0
7192,941221,115992,36,3222,1,weekly issuance,930417,Jicin,east Bohemia,77917,85,19,6,1,5,53.5,8390,2.28,2.89,132,2080.0,2122,370517,M,Tachov,west Bohemia,51313,34,12,3,1,4,59.2,8930,3.52,4.2,108,1328.0,1452,25666.407086614123,107692.0,200.0,17591.05595019486,1.0
5160,951218,204000,60,3400,1,monthly issuance,941217,Jicin,east Bohemia,77917,85,19,6,1,5,53.5,8390,2.28,2.89,132,2080.0,2122,440506,M,Jicin,east Bohemia,77917,85,19,6,1,5,53.5,8390,2.28,2.89,132,2080.0,2122,37809.39846153845,68172.8,400.0,12656.78282543214,1.0
5325,930803,105804,36,2939,1,monthly issuance,930130,Pribram,central Bohemia,107870,84,29,6,1,6,58.0,8754,3.83,4.31,137,3804.0,3868,400420,F,Ceske Budejovice,south Bohemia,177686,69,27,10,1,9,74.8,10045,1.42,1.71,135,6604.0,6295,41297.48,65898.5,1000.0,14151.260443037101,1.0
6316,940526,76908,12,6409,-1,monthly issuance,930126,Pribram,central Bohemia,107870,84,29,6,1,6,58.0,8754,3.83,4.31,137,3804.0,3868,460119,F,Kladno,central Bohemia,149893,63,29,6,2,6,67.4,9753,4.64,5.05,109,5244.0,5892,52890.40392156863,126002.8,1100.0,23250.780434566484,1.0
6004,940723,143904,24,5996,1,monthly issuance,930220,Pribram,central Bohemia,107870,84,29,6,1,6,58.0,8754,3.83,4.31,137,3804.0,3868,510410,M,Svitavy,east Bohemia,102609,75,33,2,3,6,52.0,8187,4.83,5.45,94,2123.0,2134,49727.45611510796,134571.2,700.0,23416.563215441554,1.0
7004,950315,331560,60,5526,1,monthly issuance,930821,Pribram,central Bohemia,107870,84,29,6,1,6,58.0,8754,3.83,4.31,137,3804.0,3868,801123,M,Benesov,central Bohemia,88884,80,26,6,2,5,46.7,8507,1.67,1.85,132,2159.0,2674,36941.99831932773,71924.6,900.0,11038.409511529931,1.0
6461,960919,74124,36,2059,1,weekly issuance,950409,Pribram,central Bohemia,107870,84,29,6,1,6,58.0,8754,3.83,4.31,137,3804.0,3868,390413,F,Pribram,central Bohemia,107870,84,29,6,1,6,58.0,8754,3.83,4.31,137,3804.0,3868,54371.29918032792,159765.9,400.0,30062.38974331424,1.0
7271,961002,392460,60,6541,1,monthly issuance,941124,Pribram,central Bohemia,107870,84,29,6,1,6,58.0,8754,3.83,4.31,137,3804.0,3868,801113,F,Pribram,central Bohemia,107870,84,29,6,1,6,58.0,8754,3.83,4.31,137,3804.0,3868,57131.74055944051,115913.4,900.0,20293.363479654065,1.0
7240,930906,274740,60,4579,1,weekly issuance,930214,Hl.m. Praha,Prague,1204953,0,0,0,1,1,100.0,12541,0.29,0.43,167,85677.0,99107,780907,M,Vyskov,south Moravia,86513,38,36,5,1,5,50.5,8288,3.79,4.52,110,1562.0,1460,57188.211111111115,122893.1,600.0,25256.6658167142,1.0
6820,931216,38148,12,3179,1,monthly issuance,930628,Hl.m. Praha,Prague,1204953,0,0,0,1,1,100.0,12541,0.29,0.43,167,85677.0,99107,650122,F,Hl.m. Praha,Prague,1204953,0,0,0,1,1,100.0,12541,0.29,0.43,167,85677.0,99107,37462.093103448264,62324.6,900.0,13293.43180524371,1.0
4959,940105,80952,24,3373,1,monthly issuance,930226,Hl.m. Praha,Prague,1204953,0,0,0,1,1,100.0,12541,0.29,0.43,167,85677.0,99107,450204,M,Hl.m. Praha,Prague,1204953,0,0,0,1,1,100.0,12541,0.29,0.43,167,85677.0,99107,32590.624074074083,67529.6,1100.0,12061.70568187609,1.0
6499,940105,80952,24,3373,1,monthly issuance,930226,Hl.m. Praha,Prague,1204953,0,0,0,1,1,100.0,12541,0.29,0.43,167,85677.0,99107,450204,M,Hl.m. Praha,Prague,1204953,0,0,0,1,1,100.0,12541,0.29,0.43,167,85677.0,99107,33312.53888888889,67529.6,1100.0,12270.895742079607,1.0
5479,940110,24516,12,2043,1,monthly issuance,930227,Hl.m. Praha,Prague,1204953,0,0,0,1,1,100.0,12541,0.29,0.43,167,85677.0,99107,581007,M,Hl.m. Praha,Prague,1204953,0,0,0,1,1,100.0,12541,0.29,0.43,167,85677.0,99107,55582.226027397315,125254.2,200.0,29534.218113303326,1.0
7259,940131,108144,36,3004,1,monthly issuance,930520,Hl.m. Praha,Prague,1204953,0,0,0,1,1,100.0,12541,0.29,0.43,167,85677.0,99107,630512,F,Kromeriz,south Moravia,108871,41,29,7,2,6,62.1,8444,3.24,3.47,106,2595.0,2305,54652.89818181817,123863.4,900.0,25585.472260311024,1.0
5285,940206,78936,12,6578,1,monthly issuance,930509,Hl.m. Praha,Prague,1204953,0,0,0,1,1,100.0,12541,0.29,0.43,167,85677.0,99107,570122,F,Tachov,west Bohemia,51313,34,12,3,1,4,59.2,8930,3.52,4.2,108,1328.0,1452,25900.319607843143,40560.3,900.0,7684.86970531107,1.0
7066,940502,215388,36,5983,-1,monthly issuance,931127,Hl.m. Praha,Prague,1204953,0,0,0,1,1,100.0,12541,0.29,0.43,167,85677.0,99107,591217,M,Most,north Bohemia,119895,17,4,3,2,4,89.9,10446,7.34,9.4,90,4947.0,4743,32702.726666666666,50757.0,1000.0,10504.310470160515,1.0
6647,940601,208320,48,4340,1,weekly issuance,930207,Hl.m. Praha,Prague,1204953,0,0,0,1,1,100.0,12541,0.29,0.43,167,85677.0,99107,680414,F,Tachov,west Bohemia,51313,34,12,3,1,4,59.2,8930,3.52,4.2,108,1328.0,1452,43944.889411764714,82981.9,200.0,16039.860835602089,1.0
6736,940614,288360,60,4806,1,issuance after transaction,940227,Hl.m. Praha,Prague,1204953,0,0,0,1,1,100.0,12541,0.29,0.43,167,85677.0,99107,351215,M,Hl.m. Praha,Prague,1204953,0,0,0,1,1,100.0,12541,0.29,0.43,167,85677.0,99107,33211.759999999995,58495.8,800.0,16686.231188764254,1.0
6596,940625,91584,24,3816,1,monthly issuance,931126,Hl.m. Praha,Prague,1204953,0,0,0,1,1,100.0,12541,0.29,0.43,167,85677.0,99107,511116,F,Decin,north Bohemia,133777,24,17,7,3,11,84.7,8705,5.75,7.61,116,4650.0,4859,50765.41612903226,83039.4,1000.0,18234.741089032894,1.0
6888,940711,39576,12,3298,1,monthly issuance,930204,Hl.m. Praha,Prague,1204953,0,0,0,1,1,100.0,12541,0.29,0.43,167,85677.0,99107,800502,F,Ceska Lipa,north Bohemia,105058,32,19,7,2,10,81.0,9272,2.8,3.22,118,4340.0,4505,48944.827826086956,103467.2,300.0,26896.8541402657,1.0
5060,940719,252060,60,4201,-1,monthly issuance,931129,Hl.m. Praha,Prague,1204953,0,0,0,1,1,100.0,12541,0.29,0.43,167,85677.0,99107,650803,F,Prostejov,south Moravia,110643,49,41,4,1,4,51.9,8441,3.45,4.48,115,1879.0,2252,57340.50819672131,106259.6,900.0,21418.913855883664,1.0
7220,940728,131292,36,3647,1,weekly issuance,930529,Hl.m. Praha,Prague,1204953,0,0,0,1,1,100.0,12541,0.29,0.43,167,85677.0,99107,540320,M,Hl.m. Praha,Prague,1204953,0,0,0,1,1,100.0,12541,0.29,0.43,167,85677.0,99107,36635.11566265062,70288.4,1000.0,12494.3123334861,1.0
6919,940805,120888,36,3358,1,weekly issuance,930327,Hl.m. Praha,Prague,1204953,0,0,0,1,1,100.0,12541,0.29,0.43,167,85677.0,99107,440420,F,Hl.m. Praha,Prague,1204953,0,0,0,1,1,100.0,12541,0.29,0.43,167,85677.0,99107,40838.75520833332,116468.4,600.0,21557.46454343963,1.0
6038,940810,323472,48,6739,1,monthly issuance,930621,Hl.m. Praha,Prague,1204953,0,0,0,1,1,100.0,12541,0.29,0.43,167,85677.0,99107,401015,F,Hl.m. Praha,Prague,1204953,0,0,0,1,1,100.0,12541,0.29,0.43,167,85677.0,99107,45414.07368421051,119934.1,200.0,26516.428001628443,1.0
6229,941002,11736,24,489,1,monthly issuance,930422,Hl.m. Praha,Prague,1204953,0,0,0,1,1,100.0,12541,0.29,0.43,167,85677.0,99107,380916,M,Hl.m. Praha,Prague,1204953,0,0,0,1,1,100.0,12541,0.29,0.43,167,85677.0,99107,42224.43909774433,70826.8,1100.0,11703.039771046762,1.0
6223,941103,61056,48,1272,1,monthly issuance,931121,Hl.m. Praha,Prague,1204953,0,0,0,1,1,100.0,12541,0.29,0.43,167,85677.0,99107,570906,F,Hodonin,south Moravia,161954,21,37,20,3,8,48.0,8720,3.73,4.5,116,3729.0,3651,36039.051562500004,55816.0,900.0,9064.780338244958,1.0
6460,941106,48672,36,1352,1,monthly issuance,930917,Hl.m. Praha,Prague,1204953,0,0,0,1,1,100.0,12541,0.29,0.43,167,85677.0,99107,480502,F,Brno - venkov,south Moravia,157042,49,70,18,0,9,33.9,8743,1.88,2.43,111,3659.0,3894,23050.189690721654,33484.4,300.0,5423.587576531725,1.0
6645,941106,140400,36,3900,1,monthly issuance,931010,Hl.m. Praha,Prague,1204953,0,0,0,1,1,100.0,12541,0.29,0.43,167,85677.0,99107,411015,M,Ostrava - mesto,north Moravia,323870,0,0,0,1,1,100.0,10673,4.75,5.44,100,18782.0,18347,43563.619999999995,115000.2,400.0,18981.79097613385,1.0
7142,941219,482940,60,8049,-1,monthly issuance,930829,Hl.m. Praha,Prague,1204953,0,0,0,1,1,100.0,12541,0.29,0.43,167,85677.0,99107,760521,F,Hl.m. Praha,Prague,1204953,0,0,0,1,1,100.0,12541,0.29,0.43,167,85677.0,99107,26358.754615384623,57707.2,900.0,9885.477724726503,1.0
5576,941221,31248,12,2604,1,monthly issuance,930530,Hl.m. Praha,Prague,1204953,0,0,0,1,1,100.0,12541,0.29,0.43,167,85677.0,99107,390315,F,Hl.m. Praha,Prague,1204953,0,0,0,1,1,100.0,12541,0.29,0.43,167,85677.0,99107,64493.099166666594,144715.3,1000.0,28994.626431825116,1.0
5739,950102,76380,12,6365,1,monthly issuance,940501,Hl.m. Praha,Prague,1204953,0,0,0,1,1,100.0,12541,0.29,0.43,167,85677.0,99107,570628,F,Hl.m. Praha,Prague,1204953,0,0,0,1,1,100.0,12541,0.29,0.43,167,85677.0,99107,26122.848888888904,41703.3,1100.0,8289.780093711835,1.0
6244,950108,270648,36,7518,-1,weekly issuance,940307,Hl.m. Praha,Prague,1204953,0,0,0,1,1,100.0,12541,0.29,0.43,167,85677.0,99107,371104,M,Hl.m. Praha,Prague,1204953,0,0,0,1,1,100.0,12541,0.29,0.43,167,85677.0,99107,60819.97638888887,134501.4,200.0,29717.344572869795,1.0
6960,950111,76416,24,3184,1,monthly issuance,930313,Hl.m. Praha,Prague,1204953,0,0,0,1,1,100.0,12541,0.29,0.43,167,85677.0,99107,370902,M,Hl.m. Praha,Prague,1204953,0,0,0,1,1,100.0,12541,0.29,0.43,167,85677.0,99107,31375.160784313728,64494.1,8686.4,11990.873356406239,1.0
5724,950205,316140,60,5269,-1,monthly issuance,930324,Hl.m. Praha,Prague,1204953,0,0,0,1,1,100.0,12541,0.29,0.43,167,85677.0,99107,680222,M,Hl.m. Praha,Prague,1204953,0,0,0,1,1,100.0,12541,0.29,0.43,167,85677.0,99107,18632.93381294966,39616.2,800.0,6901.260790646522,1.0
7241,950304,168984,24,7041,-1,monthly issuance,930810,Hl.m. Praha,Prague,1204953,0,0,0,1,1,100.0,12541,0.29,0.43,167,85677.0,99107,760318,M,Hl.m. Praha,Prague,1204953,0,0,0,1,1,100.0,12541,0.29,0.43,167,85677.0,99107,56053.997499999976,120806.4,-517.7,28355.3601580073,-1.0
6546,950327,31728,24,1322,1,monthly issuance,930905,Hl.m. Praha,Prague,1204953,0,0,0,1,1,100.0,12541,0.29,0.43,167,85677.0,99107,500410,M,Hl.m. Praha,Prague,1204953,0,0,0,1,1,100.0,12541,0.29,0.43,167,85677.0,99107,31139.74786324785,56122.8,600.0,9913.022916290282,1.0
5740,950402,18564,12,1547,1,monthly issuance,941125,Hl.m. Praha,Prague,1204953,0,0,0,1,1,100.0,12541,0.29,0.43,167,85677.0,99107,630204,F,Hl.m. Praha,Prague,1204953,0,0,0,1,1,100.0,12541,0.29,0.43,167,85677.0,99107,35538.04615384615,56498.4,200.0,14265.870341694044,1.0
6929,950508,36396,12,3033,1,weekly issuance,930706,Hl.m. Praha,Prague,1204953,0,0,0,1,1,100.0,12541,0.29,0.43,167,85677.0,99107,720403,M,Sumperk,north Moravia,127369,31,32,13,2,7,51.2,8369,4.73,5.88,107,3736.0,2807,57977.03481012665,125887.5,800.0,25051.25763785538,1.0
7008,950922,36168,12,3014,1,monthly issuance,950304,Hl.m. Praha,Prague,1204953,0,0,0,1,1,100.0,12541,0.29,0.43,167,85677.0,99107,610819,M,Hl.m. Praha,Prague,1204953,0,0,0,1,1,100.0,12541,0.29,0.43,167,85677.0,99107,39063.76666666668,63738.0,300.0,14039.273386590512,1.0
7057,951020,231696,36,6436,1,weekly issuance,940701,Hl.m. Praha,Prague,1204953,0,0,0,1,1,100.0,12541,0.29,0.43,167,85677.0,99107,730530,M,Hl.m. Praha,Prague,1204953,0,0,0,1,1,100.0,12541,0.29,0.43,167,85677.0,99107,45873.61666666664,108575.3,800.0,20926.36944251439,1.0
7304,951029,419880,60,6998,1,weekly issuance,950526,Hl.m. Praha,Prague,1204953,0,0,0,1,1,100.0,12541,0.29,0.43,167,85677.0,99107,451030,F,Hl.m. Praha,Prague,1204953,0,0,0,1,1,100.0,12541,0.29,0.43,167,85677.0,99107,59352.83333333334,104039.9,200.0,27879.396856671137,1.0
6185,951128,31176,24,1299,1,monthly issuance,950608,Hl.m. Praha,Prague,1204953,0,0,0,1,1,100.0,12541,0.29,0.43,167,85677.0,99107,680129,M,Hl.m. Praha,Prague,1204953,0,0,0,1,1,100.0,12541,0.29,0.43,167,85677.0,99107,46304.152173913026,65769.6,700.0,15340.950971615739,1.0
6785,951225,125340,60,2089,1,weekly issuance,940905,Hl.m. Praha,Prague,1204953,0,0,0,1,1,100.0,12541,0.29,0.43,167,85677.0,99107,440615,M,Hl.m. Praha,Prague,1204953,0,0,0,1,1,100.0,12541,0.29,0.43,167,85677.0,99107,51145.51574803153,110933.4,500.0,22705.182782426586,1.0
6698,960310,247728,48,5161,1,weekly issuance,950808,Hl.m. Praha,Prague,1204953,0,0,0,1,1,100.0,12541,0.29,0.43,167,85677.0,99107,790619,M,Hl.m. Praha,Prague,1204953,0,0,0,1,1,100.0,12541,0.29,0.43,167,85677.0,99107,60054.73399999997,108390.1,200.0,23168.339445014884,1.0
6063,960425,320976,48,6687,-1,monthly issuance,950818,Hl.m. Praha,Prague,1204953,0,0,0,1,1,100.0,12541,0.29,0.43,167,85677.0,99107,360809,M,Hl.m. Praha,Prague,1204953,0,0,0,1,1,100.0,12541,0.29,0.43,167,85677.0,99107,49482.96799999998,130775.0,1000.0,27435.703120029266,1.0
5429,960718,20196,36,561,1,monthly issuance,950211,Hl.m. Praha,Prague,1204953,0,0,0,1,1,100.0,12541,0.29,0.43,167,85677.0,99107,710225,M,Hl.m. Praha,Prague,1204953,0,0,0,1,1,100.0,12541,0.29,0.43,167,85677.0,99107,52636.598958333365,77158.8,200.0,15288.688964738772,1.0
6012,960803,258444,36,7179,1,weekly issuance,960111,Hl.m. Praha,Prague,1204953,0,0,0,1,1,100.0,12541,0.29,0.43,167,85677.0,99107,660527,M,Hl.m. Praha,Prague,1204953,0,0,0,1,1,100.0,12541,0.29,0.43,167,85677.0,99107,40688.137500000004,61790.4,600.0,17230.15961775069,1.0
5385,960909,71460,36,1985,1,monthly issuance,960113,Hl.m. Praha,Prague,1204953,0,0,0,1,1,100.0,12541,0.29,0.43,167,85677.0,99107,800831,F,Hl.m. Praha,Prague,1204953,0,0,0,1,1,100.0,12541,0.29,0.43,167,85677.0,99107,49220.980645161304,76403.1,700.0,16380.594606473016,1.0
7194,960917,68832,36,1912,1,monthly issuance,951023,Hl.m. Praha,Prague,1204953,0,0,0,1,1,100.0,12541,0.29,0.43,167,85677.0,99107,590701,M,Hl.m. Praha,Prague,1204953,0,0,0,1,1,100.0,12541,0.29,0.43,167,85677.0,99107,37557.05471698115,61939.6,700.0,12288.790411270784,1.0
5375,961003,101520,12,8460,1,monthly issuance,960201,Hl.m. Praha,Prague,1204953,0,0,0,1,1,100.0,12541,0.29,0.43,167,85677.0,99107,761012,F,Hl.m. Praha,Prague,1204953,0,0,0,1,1,100.0,12541,0.29,0.43,167,85677.0,99107,26449.09210526315,43218.7,400.0,10352.391968575042,1.0
5635,961004,77184,36,2144,1,monthly issuance,950311,Hl.m. Praha,Prague,1204953,0,0,0,1,1,100.0,12541,0.29,0.43,167,85677.0,99107,541209,F,Hl.m. Praha,Prague,1204953,0,0,0,1,1,100.0,12541,0.29,0.43,167,85677.0,99107,50722.27012987011,142917.9,200.0,30287.2146676703,1.0
6817,961004,70656,48,1472,1,monthly issuance,960105,Hl.m. Praha,Prague,1204953,0,0,0,1,1,100.0,12541,0.29,0.43,167,85677.0,99107,520726,M,Hl.m. Praha,Prague,1204953,0,0,0,1,1,100.0,12541,0.29,0.43,167,85677.0,99107,32646.85094339623,55343.2,600.0,12948.761537492877,1.0
6309,961111,110136,24,4589,1,monthly issuance,950508,Hl.m. Praha,Prague,1204953,0,0,0,1,1,100.0,12541,0.29,0.43,167,85677.0,99107,580224,F,Hl.m. Praha,Prague,1204953,0,0,0,1,1,100.0,12541,0.29,0.43,167,85677.0,99107,50815.80476190475,140542.8,400.0,29147.984917001577,1.0
6940,961122,228276,36,6341,1,monthly issuance,960609,Hl.m. Praha,Prague,1204953,0,0,0,1,1,100.0,12541,0.29,0.43,167,85677.0,99107,610803,M,Hl.m. Praha,Prague,1204953,0,0,0,1,1,100.0,12541,0.29,0.43,167,85677.0,99107,41402.135,60236.6,500.0,14856.81419017355,1.0
6687,930913,87840,24,3660,1,monthly issuance,930512,Rakovnik,central Bohemia,53921,61,22,1,1,2,41.3,8598,2.77,3.26,123,1597.0,1875,800216,F,Rakovnik,central Bohemia,53921,61,22,1,1,2,41.3,8598,2.77,3.26,123,1597.0,1875,46318.552941176466,65847.8,500.0,20670.977382163066,1.0
6027,960210,61656,24,2569,-1,weekly issuance,950827,Rakovnik,central Bohemia,53921,61,22,1,1,2,41.3,8598,2.77,3.26,123,1597.0,1875,531225,F,Rakovnik,central Bohemia,53921,61,22,1,1,2,41.3,8598,2.77,3.26,123,1597.0,1875,44763.458333333336,89256.9,400.0,24849.14908023497,1.0
6137,960410,44628,12,3719,1,weekly issuance,940714,Rakovnik,central Bohemia,53921,61,22,1,1,2,41.3,8598,2.77,3.26,123,1597.0,1875,431126,M,Rakovnik,central Bohemia,53921,61,22,1,1,2,41.3,8598,2.77,3.26,123,1597.0,1875,49477.32123287676,112689.5,900.0,22661.883780456665,1.0
5082,961024,262980,60,4383,1,monthly issuance,951021,Rakovnik,central Bohemia,53921,61,22,1,1,2,41.3,8598,2.77,3.26,123,1597.0,1875,660309,F,Rakovnik,central Bohemia,53921,61,22,1,1,2,41.3,8598,2.77,3.26,123,1597.0,1875,41729.616071428565,78574.3,900.0,16330.173222315432,1.0
7284,930915,52788,12,4399,1,monthly issuance,930114,Cesky Krumlov,south Bohemia,58796,22,16,7,1,5,51.9,9045,3.13,3.6,124,1845.0,1879,730216,M,Cesky Krumlov,south Bohemia,58796,22,16,7,1,5,51.9,9045,3.13,3.6,124,1845.0,1879,22198.179069767444,41469.1,1000.0,6652.642956340848,1.0
6210,940606,87216,48,1817,-1,monthly issuance,931126,Cesky Krumlov,south Bohemia,58796,22,16,7,1,5,51.9,9045,3.13,3.6,124,1845.0,1879,640513,M,Cesky Krumlov,south Bohemia,58796,22,16,7,1,5,51.9,9045,3.13,3.6,124,1845.0,1879,28362.248484848482,41410.0,200.0,8425.33267236824,1.0
5980,950818,21396,12,1783,1,monthly issuance,940604,Cesky Krumlov,south Bohemia,58796,22,16,7,1,5,51.9,9045,3.13,3.6,124,1845.0,1879,680909,M,Cesky Krumlov,south Bohemia,58796,22,16,7,1,5,51.9,9045,3.13,3.6,124,1845.0,1879,30812.946153846144,46848.9,1000.0,7990.971151238131,1.0
6144,960809,44376,12,3698,1,monthly issuance,960227,Cesky Krumlov,south Bohemia,58796,22,16,7,1,5,51.9,9045,3.13,3.6,124,1845.0,1879,620523,M,Cesky Krumlov,south Bohemia,58796,22,16,7,1,5,51.9,9045,3.13,3.6,124,1845.0,1879,53505.2153846154,124090.0,800.0,28278.245064616272,1.0
6111,930924,174744,24,7281,-1,monthly issuance,930414,Karlovy Vary,west Bohemia,122603,25,21,6,2,8,80.0,8991,1.39,2.01,128,5198.0,5273,480812,F,Karlovy Vary,west Bohemia,122603,25,21,6,2,8,80.0,8991,1.39,2.01,128,5198.0,5273,37485.456249999996,105628.0,1000.0,28302.653142986746,1.0
6650,940217,49320,12,4110,-1,issuance after transaction,930903,Karlovy Vary,west Bohemia,122603,25,21,6,2,8,80.0,8991,1.39,2.01,128,5198.0,5273,451003,F,Karlovy Vary,west Bohemia,122603,25,21,6,2,8,80.0,8991,1.39,2.01,128,5198.0,5273,46576.27755102044,126833.0,900.0,24439.87718091979,1.0
5464,950130,95808,12,7984,1,monthly issuance,931127,Karlovy Vary,west Bohemia,122603,25,21,6,2,8,80.0,8991,1.39,2.01,128,5198.0,5273,400907,M,Hradec Kralove,east Bohemia,161854,73,21,6,1,6,76.3,9425,1.72,2.5,125,4085.0,3891,59701.786666666696,122452.2,900.0,24705.82136034003,1.0
5877,950223,97224,24,4051,1,monthly issuance,930910,Karlovy Vary,west Bohemia,122603,25,21,6,2,8,80.0,8991,1.39,2.01,128,5198.0,5273,510407,F,Pelhrimov,south Bohemia,74062,99,15,4,2,7,61.4,8114,2.38,2.62,119,1003.0,1181,22360.536607142865,43393.0,1000.0,7476.9377922628555,1.0
7034,960711,19044,36,529,1,monthly issuance,950528,Karlovy Vary,west Bohemia,122603,25,21,6,2,8,80.0,8991,1.39,2.01,128,5198.0,5273,740405,F,Karlovy Vary,west Bohemia,122603,25,21,6,2,8,80.0,8991,1.39,2.01,128,5198.0,5273,43121.75507246379,64981.1,600.0,10532.784888113656,1.0
5897,960925,15192,24,633,1,monthly issuance,941110,Karlovy Vary,west Bohemia,122603,25,21,6,2,8,80.0,8991,1.39,2.01,128,5198.0,5273,721227,F,Karlovy Vary,west Bohemia,122603,25,21,6,2,8,80.0,8991,1.39,2.01,128,5198.0,5273,29941.90532544376,48157.1,500.0,7237.180988793551,1.0
7235,931013,154416,48,3217,1,weekly issuance,930420,Pisek,south Bohemia,70699,60,13,2,1,4,65.3,8968,2.83,3.35,131,1740.0,1910,690525,F,Pisek,south Bohemia,70699,60,13,2,1,4,65.3,8968,2.83,3.35,131,1740.0,1910,46715.80000000001,81723.5,8897.0,20286.965558464442,1.0
5997,931104,117024,24,4876,1,monthly issuance,930620,Ceske Budejovice,south Bohemia,177686,69,27,10,1,9,74.8,10045,1.42,1.71,135,6604.0,6295,351003,M,Ceske Budejovice,south Bohemia,177686,69,27,10,1,9,74.8,10045,1.42,1.71,135,6604.0,6295,44131.16923076922,76985.2,800.0,19844.247591152816,1.0
6734,960530,173016,36,4806,1,weekly issuance,950717,Ceske Budejovice,south Bohemia,177686,69,27,10,1,9,74.8,10045,1.42,1.71,135,6604.0,6295,450223,F,Ceske Budejovice,south Bohemia,177686,69,27,10,1,9,74.8,10045,1.42,1.71,135,6604.0,6295,61799.24361702134,123928.2,300.0,26512.878935391014,1.0
5611,961115,321180,60,5353,1,monthly issuance,960327,Ceske Budejovice,south Bohemia,177686,69,27,10,1,9,74.8,10045,1.42,1.71,135,6604.0,6295,360907,M,Ceske Budejovice,south Bohemia,177686,69,27,10,1,9,74.8,10045,1.42,1.71,135,6604.0,6295,40524.463157894745,90257.3,700.0,21716.750250296227,1.0
7101,961118,421008,48,8771,1,monthly issuance,960119,Ceske Budejovice,south Bohemia,177686,69,27,10,1,9,74.8,10045,1.42,1.71,135,6604.0,6295,530601,M,Ceske Budejovice,south Bohemia,177686,69,27,10,1,9,74.8,10045,1.42,1.71,135,6604.0,6295,37436.42199999999,72330.4,600.0,12359.209052004046,1.0
7121,931110,21924,36,609,1,monthly issuance,930117,Brno - venkov,south Moravia,157042,49,70,18,0,9,33.9,8743,1.88,2.43,111,3659.0,3894,600820,M,Brno - venkov,south Moravia,157042,49,70,18,0,9,33.9,8743,1.88,2.43,111,3659.0,3894,34272.21333333334,60432.4,1100.0,10171.031845987447,1.0
6064,940804,14628,12,1219,1,monthly issuance,930701,Brno - venkov,south Moravia,157042,49,70,18,0,9,33.9,8743,1.88,2.43,111,3659.0,3894,490308,F,Brno - venkov,south Moravia,157042,49,70,18,0,9,33.9,8743,1.88,2.43,111,3659.0,3894,32788.14215686275,52184.7,200.0,9015.76816505543,1.0
7061,940827,121896,24,5079,1,monthly issuance,930428,Brno - venkov,south Moravia,157042,49,70,18,0,9,33.9,8743,1.88,2.43,111,3659.0,3894,650307,M,Brno - venkov,south Moravia,157042,49,70,18,0,9,33.9,8743,1.88,2.43,111,3659.0,3894,54422.59677419357,133454.9,600.0,21910.82755637759,1.0
6624,940930,71460,12,5955,1,monthly issuance,931108,Brno - venkov,south Moravia,157042,49,70,18,0,9,33.9,8743,1.88,2.43,111,3659.0,3894,450803,M,Brno - venkov,south Moravia,157042,49,70,18,0,9,33.9,8743,1.88,2.43,111,3659.0,3894,47991.53023255813,82549.0,200.0,19235.72960061234,1.0
7154,961205,417600,60,6960,1,issuance after transaction,951024,Brno - venkov,south Moravia,157042,49,70,18,0,9,33.9,8743,1.88,2.43,111,3659.0,3894,701012,M,Brno - venkov,south Moravia,157042,49,70,18,0,9,33.9,8743,1.88,2.43,111,3659.0,3894,43196.74411764707,87052.1,200.0,18631.358322644715,1.0
6077,931122,79608,24,3317,1,monthly issuance,930113,Chrudim,east Bohemia,105606,77,26,7,2,7,53.0,8254,2.79,3.76,97,2166.0,2325,700428,M,Chrudim,east Bohemia,105606,77,26,7,2,7,53.0,8254,2.79,3.76,97,2166.0,2325,69954.57169811323,125825.7,800.0,24870.232927680197,1.0
6103,940407,149340,60,2489,1,weekly issuance,930521,Chrudim,east Bohemia,105606,77,26,7,2,7,53.0,8254,2.79,3.76,97,2166.0,2325,630201,M,Chrudim,east Bohemia,105606,77,26,7,2,7,53.0,8254,2.79,3.76,97,2166.0,2325,29069.116071428583,53214.0,500.0,10432.344642413835,1.0
6642,940605,77640,12,6470,1,weekly issuance,930707,Chrudim,east Bohemia,105606,77,26,7,2,7,53.0,8254,2.79,3.76,97,2166.0,2325,670710,M,Plzen - jih,west Bohemia,67298,71,19,10,0,7,43.8,8561,0.65,1.29,110,1029.0,1127,55570.304999999986,117489.5,700.0,23174.951836868207,1.0
7227,951002,314520,60,5242,1,weekly issuance,940605,Chrudim,east Bohemia,105606,77,26,7,2,7,53.0,8254,2.79,3.76,97,2166.0,2325,551118,F,Chrudim,east Bohemia,105606,77,26,7,2,7,53.0,8254,2.79,3.76,97,2166.0,2325,63527.41999999999,128119.4,500.0,28698.37982616585,1.0
5593,960418,277884,36,7719,-1,monthly issuance,940526,Chrudim,east Bohemia,105606,77,26,7,2,7,53.0,8254,2.79,3.76,97,2166.0,2325,800917,F,Chrudim,east Bohemia,105606,77,26,7,2,7,53.0,8254,2.79,3.76,97,2166.0,2325,46487.00256410258,129394.2,1000.0,28041.875079726327,1.0
6228,931201,464520,60,7742,-1,weekly issuance,930319,Kutna Hora,central Bohemia,77963,60,23,4,2,4,51.5,8546,2.95,4.02,126,2640.0,3120,401202,F,Vsetin,north Moravia,148545,8,35,12,3,4,53.5,8909,4.01,5.56,113,3460.0,3590,51760.01617647061,125943.1,200.0,27848.68670757384,1.0
6356,931208,95400,36,2650,1,weekly issuance,930315,Semily,east Bohemia,75685,31,28,5,1,9,60.8,8208,1.89,2.26,155,1660.0,2123,710210,M,Kolin,central Bohemia,95616,65,30,4,1,6,51.4,9307,3.85,4.43,118,2616.0,3040,41562.32340425535,92354.8,200.0,23576.7433442569,1.0
6474,950606,63360,60,1056,1,monthly issuance,930906,Semily,east Bohemia,75685,31,28,5,1,9,60.8,8208,1.89,2.26,155,1660.0,2123,550814,M,Semily,east Bohemia,75685,31,28,5,1,9,60.8,8208,1.89,2.26,155,1660.0,2123,29108.36386554623,40733.8,700.0,6107.706916241167,1.0
5523,931208,93888,36,2608,1,issuance after transaction,930705,Vyskov,south Moravia,86513,38,36,5,1,5,50.5,8288,3.79,4.52,110,1562.0,1460,501020,F,Vyskov,south Moravia,86513,38,36,5,1,5,50.5,8288,3.79,4.52,110,1562.0,1460,37510.494736842105,52378.2,600.0,14598.865783434978,1.0
5657,940705,4980,12,415,1,monthly issuance,931105,Vyskov,south Moravia,86513,38,36,5,1,5,50.5,8288,3.79,4.52,110,1562.0,1460,520726,F,Vyskov,south Moravia,86513,38,36,5,1,5,50.5,8288,3.79,4.52,110,1562.0,1460,30533.371739130445,41106.2,800.0,8705.183539928967,1.0
6526,950103,288468,36,8013,1,monthly issuance,940829,Vyskov,south Moravia,86513,38,36,5,1,5,50.5,8288,3.79,4.52,110,1562.0,1460,581026,F,Vyskov,south Moravia,86513,38,36,5,1,5,50.5,8288,3.79,4.52,110,1562.0,1460,36999.52352941176,71939.2,600.0,16205.721811081474,1.0
6456,931209,47016,12,3918,1,issuance after transaction,930414,Zlin,south Moravia,197099,29,41,10,2,10,74.7,9624,1.6,2.31,145,4484.0,4265,571231,F,Nachod,east Bohemia,112709,48,20,7,3,10,73.5,8369,1.79,2.31,117,2854.0,2618,60382.08571428573,112901.6,200.0,23888.321559448163,1.0
6509,940315,55368,24,2307,1,monthly issuance,930318,Zlin,south Moravia,197099,29,41,10,2,10,74.7,9624,1.6,2.31,145,4484.0,4265,391225,F,Zlin,south Moravia,197099,29,41,10,2,10,74.7,9624,1.6,2.31,145,4484.0,4265,46061.31938775512,113350.7,200.0,24131.838911620976,1.0
6808,941012,227880,36,6330,1,monthly issuance,930925,Zlin,south Moravia,197099,29,41,10,2,10,74.7,9624,1.6,2.31,145,4484.0,4265,551104,F,Zlin,south Moravia,197099,29,41,10,2,10,74.7,9624,1.6,2.31,145,4484.0,4265,45134.72168674703,153213.7,1100.0,29551.4830543201,1.0
6745,950410,47304,24,1971,1,monthly issuance,931110,Zlin,south Moravia,197099,29,41,10,2,10,74.7,9624,1.6,2.31,145,4484.0,4265,710803,M,Zlin,south Moravia,197099,29,41,10,2,10,74.7,9624,1.6,2.31,145,4484.0,4265,68740.02335329332,148093.0,400.0,30916.763221258967,1.0
6764,950826,33984,48,708,1,monthly issuance,940824,Zlin,south Moravia,197099,29,41,10,2,10,74.7,9624,1.6,2.31,145,4484.0,4265,720804,M,Zlin,south Moravia,197099,29,41,10,2,10,74.7,9624,1.6,2.31,145,4484.0,4265,38587.759999999995,55077.5,600.0,9896.492445941636,1.0
6933,950909,188688,48,3931,1,monthly issuance,950402,Zlin,south Moravia,197099,29,41,10,2,10,74.7,9624,1.6,2.31,145,4484.0,4265,650723,F,Zlin,south Moravia,197099,29,41,10,2,10,74.7,9624,1.6,2.31,145,4484.0,4265,42203.17272727272,71255.7,400.0,20050.27841673887,1.0
5494,960613,360000,48,7500,1,issuance after transaction,941113,Zlin,south Moravia,197099,29,41,10,2,10,74.7,9624,1.6,2.31,145,4484.0,4265,730307,F,Zlin,south Moravia,197099,29,41,10,2,10,74.7,9624,1.6,2.31,145,4484.0,4265,51149.655147058795,126072.0,600.0,26193.21138092937,1.0
5725,960723,444864,48,9268,1,monthly issuance,950815,Zlin,south Moravia,197099,29,41,10,2,10,74.7,9624,1.6,2.31,145,4484.0,4265,640329,M,Zlin,south Moravia,197099,29,41,10,2,10,74.7,9624,1.6,2.31,145,4484.0,4265,32404.773437500015,62903.5,800.0,11798.830196336487,1.0
6283,960811,85632,48,1784,1,monthly issuance,950405,Zlin,south Moravia,197099,29,41,10,2,10,74.7,9624,1.6,2.31,145,4484.0,4265,490407,F,Zlin,south Moravia,197099,29,41,10,2,10,74.7,9624,1.6,2.31,145,4484.0,4265,65066.735294117636,156504.1,800.0,26945.910380677455,1.0
6995,960926,96168,12,8014,1,weekly issuance,950119,Zlin,south Moravia,197099,29,41,10,2,10,74.7,9624,1.6,2.31,145,4484.0,4265,720812,F,Zlin,south Moravia,197099,29,41,10,2,10,74.7,9624,1.6,2.31,145,4484.0,4265,50492.68859060406,138010.1,600.0,21691.134254741817,1.0
6585,961029,372120,60,6202,1,monthly issuance,950105,Zlin,south Moravia,197099,29,41,10,2,10,74.7,9624,1.6,2.31,145,4484.0,4265,450126,M,Zlin,south Moravia,197099,29,41,10,2,10,74.7,9624,1.6,2.31,145,4484.0,4265,64044.04593023259,128495.4,500.0,25895.912355690594,1.0
6073,961112,276300,60,4605,1,monthly issuance,950714,Zlin,south Moravia,197099,29,41,10,2,10,74.7,9624,1.6,2.31,145,4484.0,4265,760706,M,Zlin,south Moravia,197099,29,41,10,2,10,74.7,9624,1.6,2.31,145,4484.0,4265,25997.56304347827,40755.0,500.0,6720.217505796415,1.0
7104,931213,259740,60,4329,1,monthly issuance,930711,Frydek - Mistek,north Moravia,228848,15,40,18,2,6,57.2,9893,4.09,4.72,96,5623.0,5887,790316,M,Frydek - Mistek,north Moravia,228848,15,40,18,2,6,57.2,9893,4.09,4.72,96,5623.0,5887,45198.152941176486,79633.5,800.0,19487.239666321322,1.0
5170,940120,253200,60,4220,1,weekly issuance,930510,Frydek - Mistek,north Moravia,228848,15,40,18,2,6,57.2,9893,4.09,4.72,96,5623.0,5887,500313,F,Usti nad Orlici,east Bohemia,139012,59,41,8,3,10,61.9,8363,2.52,3.49,108,2564.0,2799,47302.54634146341,104417.9,800.0,26552.739504598176,1.0
6895,940919,41904,12,3492,1,monthly issuance,930124,Frydek - Mistek,north Moravia,228848,15,40,18,2,6,57.2,9893,4.09,4.72,96,5623.0,5887,740708,M,Karvina,north Moravia,285387,0,2,8,5,7,89.9,10177,6.63,7.75,81,9878.0,10108,36080.3867132867,129123.0,900.0,20303.81712013583,1.0
6737,950311,76680,24,3195,1,monthly issuance,930912,Frydek - Mistek,north Moravia,228848,15,40,18,2,6,57.2,9893,4.09,4.72,96,5623.0,5887,490107,M,Frydek - Mistek,north Moravia,228848,15,40,18,2,6,57.2,9893,4.09,4.72,96,5623.0,5887,62933.47482517482,104676.1,1000.0,21005.680291887613,1.0
5352,950415,68400,12,5700,-1,monthly issuance,941030,Frydek - Mistek,north Moravia,228848,15,40,18,2,6,57.2,9893,4.09,4.72,96,5623.0,5887,760609,F,Frydek - Mistek,north Moravia,228848,15,40,18,2,6,57.2,9893,4.09,4.72,96,5623.0,5887,31793.735714285718,51242.2,800.0,12297.155098677664,1.0
5449,951104,99336,24,4139,1,monthly issuance,941209,Frydek - Mistek,north Moravia,228848,15,40,18,2,6,57.2,9893,4.09,4.72,96,5623.0,5887,800709,F,Frydek - Mistek,north Moravia,228848,15,40,18,2,6,57.2,9893,4.09,4.72,96,5623.0,5887,27019.571153846155,46568.0,300.0,7892.721828749214,1.0
5301,960706,141948,36,3943,1,monthly issuance,960314,Frydek - Mistek,north Moravia,228848,15,40,18,2,6,57.2,9893,4.09,4.72,96,5623.0,5887,500926,F,Frydek - Mistek,north Moravia,228848,15,40,18,2,6,57.2,9893,4.09,4.72,96,5623.0,5887,32592.68,63263.1,800.0,17970.97897715462,1.0
6876,931221,86616,12,7218,1,monthly issuance,930818,Praha - zapad,central Bohemia,75637,35,36,9,0,7,36.5,9622,0.45,0.59,154,3475.0,3529,610928,M,Praha - zapad,central Bohemia,75637,35,36,9,0,7,36.5,9622,0.45,0.59,154,3475.0,3529,25714.046666666673,48353.1,800.0,11715.975172745157,1.0
5189,940207,149040,48,3105,1,monthly issuance,930421,Praha - zapad,central Bohemia,75637,35,36,9,0,7,36.5,9622,0.45,0.59,154,3475.0,3529,681220,F,Praha - zapad,central Bohemia,75637,35,36,9,0,7,36.5,9622,0.45,0.59,154,3475.0,3529,36845.5888888889,62441.6,200.0,12658.246764300022,1.0
6678,940520,80340,12,6695,1,monthly issuance,930705,Praha - zapad,central Bohemia,75637,35,36,9,0,7,36.5,9622,0.45,0.59,154,3475.0,3529,760206,F,Hl.m. Praha,Prague,1204953,0,0,0,1,1,100.0,12541,0.29,0.43,167,85677.0,99107,61531.59038461538,122523.5,1100.0,26678.25871423454,1.0
7249,940612,69360,48,1445,1,monthly issuance,930319,Praha - zapad,central Bohemia,75637,35,36,9,0,7,36.5,9622,0.45,0.59,154,3475.0,3529,410728,M,Nachod,east Bohemia,112709,48,20,7,3,10,73.5,8369,1.79,2.31,117,2854.0,2618,33857.10641025642,52365.0,1100.0,9598.2528518684,1.0
5549,940716,50460,60,841,1,monthly issuance,931020,Praha - zapad,central Bohemia,75637,35,36,9,0,7,36.5,9622,0.45,0.59,154,3475.0,3529,471017,F,Praha - zapad,central Bohemia,75637,35,36,9,0,7,36.5,9622,0.45,0.59,154,3475.0,3529,37570.62790697674,51971.4,800.0,10371.123781863107,1.0
6996,950413,126600,24,5275,1,monthly issuance,930520,Praha - zapad,central Bohemia,75637,35,36,9,0,7,36.5,9622,0.45,0.59,154,3475.0,3529,390227,M,Pardubice,east Bohemia,162580,83,26,5,1,6,72.8,9538,1.51,1.81,111,6079.0,5410,47118.993181818165,94043.3,400.0,17179.811463037822,1.0
7176,951028,260028,36,7223,1,monthly issuance,931208,Praha - zapad,central Bohemia,75637,35,36,9,0,7,36.5,9622,0.45,0.59,154,3475.0,3529,761125,M,Praha - zapad,central Bohemia,75637,35,36,9,0,7,36.5,9622,0.45,0.59,154,3475.0,3529,50676.81987577644,124900.7,200.0,20993.62804538802,1.0
5805,951128,137904,24,5746,-1,monthly issuance,950722,Praha - zapad,central Bohemia,75637,35,36,9,0,7,36.5,9622,0.45,0.59,154,3475.0,3529,680506,M,Praha - zapad,central Bohemia,75637,35,36,9,0,7,36.5,9622,0.45,0.59,154,3475.0,3529,26886.191666666666,43259.7,600.0,11982.101754887146,1.0
7097,931223,75624,24,3151,-1,monthly issuance,930610,Brno - mesto,south Moravia,387570,0,0,0,1,1,100.0,9897,1.6,1.96,140,18721.0,18696,581207,M,Brno - mesto,south Moravia,387570,0,0,0,1,1,100.0,9897,1.6,1.96,140,18721.0,18696,50009.90869565217,89754.8,400.0,20688.41804888367,1.0
6202,940418,65184,12,5432,1,monthly issuance,930125,Brno - mesto,south Moravia,387570,0,0,0,1,1,100.0,9897,1.6,1.96,140,18721.0,18696,570929,M,Beroun,central Bohemia,75232,55,26,4,1,5,41.7,8980,1.95,2.21,111,2824.0,2813,47426.549999999996,102410.3,900.0,18172.7682504688,1.0
5126,940724,208128,48,4336,-1,monthly issuance,930511,Brno - mesto,south Moravia,387570,0,0,0,1,1,100.0,9897,1.6,1.96,140,18721.0,18696,510806,M,Brno - mesto,south Moravia,387570,0,0,0,1,1,100.0,9897,1.6,1.96,140,18721.0,18696,36369.975000000006,96064.0,-1069.7,22812.186440376034,-1.0
5754,940928,23052,12,1921,1,monthly issuance,930119,Brno - mesto,south Moravia,387570,0,0,0,1,1,100.0,9897,1.6,1.96,140,18721.0,18696,401101,F,Brno - mesto,south Moravia,387570,0,0,0,1,1,100.0,9897,1.6,1.96,140,18721.0,18696,23771.96608187136,54321.8,700.0,8912.019358254423,1.0
5044,941221,100980,60,1683,1,monthly issuance,931201,Brno - mesto,south Moravia,387570,0,0,0,1,1,100.0,9897,1.6,1.96,140,18721.0,18696,650731,M,Brno - mesto,south Moravia,387570,0,0,0,1,1,100.0,9897,1.6,1.96,140,18721.0,18696,35614.74428571431,53376.7,600.0,9576.327716908685,1.0
6985,951122,113796,36,3161,1,issuance after transaction,941201,Brno - mesto,south Moravia,387570,0,0,0,1,1,100.0,9897,1.6,1.96,140,18721.0,18696,711009,M,Brno - mesto,south Moravia,387570,0,0,0,1,1,100.0,9897,1.6,1.96,140,18721.0,18696,36840.57361111112,58022.1,500.0,11410.835423144203,1.0
6659,960220,56100,60,935,1,monthly issuance,950111,Brno - mesto,south Moravia,387570,0,0,0,1,1,100.0,9897,1.6,1.96,140,18721.0,18696,580707,M,Brno - mesto,south Moravia,387570,0,0,0,1,1,100.0,9897,1.6,1.96,140,18721.0,18696,20158.001470588235,45346.1,1000.0,8426.832211799323,1.0
6019,960725,11400,12,950,1,monthly issuance,950803,Brno - mesto,south Moravia,387570,0,0,0,1,1,100.0,9897,1.6,1.96,140,18721.0,18696,800430,F,Brno - mesto,south Moravia,387570,0,0,0,1,1,100.0,9897,1.6,1.96,140,18721.0,18696,27533.66363636363,39514.1,300.0,6234.415407995343,1.0
6011,961128,179328,48,3736,1,monthly issuance,960122,Brno - mesto,south Moravia,387570,0,0,0,1,1,100.0,9897,1.6,1.96,140,18721.0,18696,731121,M,Brno - mesto,south Moravia,387570,0,0,0,1,1,100.0,9897,1.6,1.96,140,18721.0,18696,44093.971153846156,81614.7,200.0,14278.225737036762,1.0
6721,940121,21072,24,878,1,monthly issuance,930908,Kladno,central Bohemia,149893,63,29,6,2,6,67.4,9753,4.64,5.05,109,5244.0,5892,640809,F,Pelhrimov,south Bohemia,74062,99,15,4,2,7,61.4,8114,2.38,2.62,119,1003.0,1181,21575.68666666666,33467.0,1100.0,9070.837344626278,1.0
6512,940526,63312,48,1319,1,monthly issuance,930419,Kladno,central Bohemia,149893,63,29,6,2,6,67.4,9753,4.64,5.05,109,5244.0,5892,560507,F,Tachov,west Bohemia,51313,34,12,3,1,4,59.2,8930,3.52,4.2,108,1328.0,1452,22551.779268292692,31462.9,500.0,5522.432869014776,1.0
5151,950524,189060,60,3151,1,issuance after transaction,941102,Kladno,central Bohemia,149893,63,29,6,2,6,67.4,9753,4.64,5.05,109,5244.0,5892,581230,F,Kladno,central Bohemia,149893,63,29,6,2,6,67.4,9753,4.64,5.05,109,5244.0,5892,72242.8966666667,101793.6,200.0,24683.063214158134,1.0
5938,960825,402000,60,6700,1,monthly issuance,951015,Kladno,central Bohemia,149893,63,29,6,2,6,67.4,9753,4.64,5.05,109,5244.0,5892,800806,M,Kladno,central Bohemia,149893,63,29,6,2,6,67.4,9753,4.64,5.05,109,5244.0,5892,21568.935185185182,35650.8,200.0,7900.83174172206,1.0
7226,940223,197748,36,5493,1,monthly issuance,930913,Svitavy,east Bohemia,102609,75,33,2,3,6,52.0,8187,4.83,5.45,94,2123.0,2134,700505,F,Rakovnik,central Bohemia,53921,61,22,1,1,2,41.3,8598,2.77,3.26,123,1597.0,1875,44735.43125000001,74413.6,300.0,19635.357674451083,1.0
6216,940930,141240,24,5885,1,monthly issuance,930907,Svitavy,east Bohemia,102609,75,33,2,3,6,52.0,8187,4.83,5.45,94,2123.0,2134,620911,M,Svitavy,east Bohemia,102609,75,33,2,3,6,52.0,8187,4.83,5.45,94,2123.0,2134,57219.5745098039,107784.1,1000.0,19476.293991224593,1.0
5900,960101,135360,48,2820,1,monthly issuance,950103,Svitavy,east Bohemia,102609,75,33,2,3,6,52.0,8187,4.83,5.45,94,2123.0,2134,750924,M,Svitavy,east Bohemia,102609,75,33,2,3,6,52.0,8187,4.83,5.45,94,2123.0,2134,64881.314285714325,146479.5,200.0,30587.60364320605,1.0
6087,940227,300660,60,5011,1,monthly issuance,930429,Teplice,north Bohemia,128118,9,16,6,3,8,85.3,9317,6.49,7.07,97,6949.0,6872,500107,M,Teplice,north Bohemia,128118,9,16,6,3,8,85.3,9317,6.49,7.07,97,6949.0,6872,45854.8909090909,135175.2,800.0,30520.960807281426,1.0
5319,940623,239460,60,3991,1,monthly issuance,930922,Teplice,north Bohemia,128118,9,16,6,3,8,85.3,9317,6.49,7.07,97,6949.0,6872,420913,F,Frydek - Mistek,north Moravia,228848,15,40,18,2,6,57.2,9893,4.09,4.72,96,5623.0,5887,40061.580434782605,74408.8,300.0,16062.53213841481,1.0
5599,950321,15420,12,1285,1,monthly issuance,930523,Teplice,north Bohemia,128118,9,16,6,3,8,85.3,9317,6.49,7.07,97,6949.0,6872,650604,F,Hl.m. Praha,Prague,1204953,0,0,0,1,1,100.0,12541,0.29,0.43,167,85677.0,99107,24577.200000000008,41137.4,1000.0,7049.350987979909,1.0
6810,960608,186384,48,3883,1,weekly issuance,940902,Teplice,north Bohemia,128118,9,16,6,3,8,85.3,9317,6.49,7.07,97,6949.0,6872,590129,M,Teplice,north Bohemia,128118,9,16,6,3,8,85.3,9317,6.49,7.07,97,6949.0,6872,61578.30157894734,129557.3,700.0,27339.88746857485,1.0
4996,961106,88440,12,7370,1,issuance after transaction,960511,Teplice,north Bohemia,128118,9,16,6,3,8,85.3,9317,6.49,7.07,97,6949.0,6872,450703,F,Teplice,north Bohemia,128118,9,16,6,3,8,85.3,9317,6.49,7.07,97,6949.0,6872,62778.09032258064,103239.0,200.0,21638.258869671172,1.0
7262,940301,182628,36,5073,1,monthly issuance,931010,Prerov,north Moravia,138032,67,30,4,2,5,64.6,8819,5.38,5.66,99,4063.0,4505,590523,M,Prerov,north Moravia,138032,67,30,4,2,5,64.6,8819,5.38,5.66,99,4063.0,4505,33229.10769230768,52246.0,500.0,14579.421766566598,1.0
6598,950118,68112,12,5676,1,monthly issuance,930804,Prerov,north Moravia,138032,67,30,4,2,5,64.6,8819,5.38,5.66,99,4063.0,4505,771130,F,Jablonec n. Nisou,north Bohemia,88768,10,18,5,1,7,80.5,8867,1.02,1.21,130,3384.0,3620,47220.13401360552,111588.8,300.0,19532.468493474167,1.0
5519,940308,91632,12,7636,1,monthly issuance,930308,Melnik,central Bohemia,94725,38,28,1,3,6,63.4,9920,2.26,2.87,130,4289.0,4846,621228,F,Usti nad Orlici,east Bohemia,139012,59,41,8,3,10,61.9,8363,2.52,3.49,108,2564.0,2799,40976.94285714285,64577.8,700.0,10641.422753595747,1.0
5750,960208,63252,12,5271,1,monthly issuance,940407,Melnik,central Bohemia,94725,38,28,1,3,6,63.4,9920,2.26,2.87,130,4289.0,4846,490624,F,Melnik,central Bohemia,94725,38,28,1,3,6,63.4,9920,2.26,2.87,130,4289.0,4846,49291.82256097558,86343.2,13097.7,18482.298946482733,1.0
6577,940311,51696,24,2154,1,monthly issuance,930208,Ostrava - mesto,north Moravia,323870,0,0,0,1,1,100.0,10673,4.75,5.44,100,18782.0,18347,680128,F,Ostrava - mesto,north Moravia,323870,0,0,0,1,1,100.0,10673,4.75,5.44,100,18782.0,18347,58226.50490196083,124339.4,600.0,26115.030058226144,1.0
6738,940929,230220,36,6395,-1,monthly issuance,931008,Ostrava - mesto,north Moravia,323870,0,0,0,1,1,100.0,10673,4.75,5.44,100,18782.0,18347,421109,F,Ostrava - mesto,north Moravia,323870,0,0,0,1,1,100.0,10673,4.75,5.44,100,18782.0,18347,27658.48780487805,130801.0,-2719.7,29524.489997327946,-1.0
6297,941025,17508,12,1459,1,monthly issuance,930801,Ostrava - mesto,north Moravia,323870,0,0,0,1,1,100.0,10673,4.75,5.44,100,18782.0,18347,460401,M,Pribram,central Bohemia,107870,84,29,6,1,6,58.0,8754,3.83,4.31,137,3804.0,3868,39290.61805555553,54432.3,900.0,9324.209981583172,1.0
6253,941104,59760,24,2490,1,monthly issuance,931227,Ostrava - mesto,north Moravia,323870,0,0,0,1,1,100.0,10673,4.75,5.44,100,18782.0,18347,581126,M,Ostrava - mesto,north Moravia,323870,0,0,0,1,1,100.0,10673,4.75,5.44,100,18782.0,18347,40204.46481481483,69643.1,300.0,12827.193914171467,1.0
6272,941220,398640,60,6644,1,weekly issuance,930726,Ostrava - mesto,north Moravia,323870,0,0,0,1,1,100.0,10673,4.75,5.44,100,18782.0,18347,600209,F,Ostrava - mesto,north Moravia,323870,0,0,0,1,1,100.0,10673,4.75,5.44,100,18782.0,18347,63383.57558139533,121689.5,400.0,21947.881092045613,1.0
5876,950208,221280,48,4610,1,weekly issuance,940115,Ostrava - mesto,north Moravia,323870,0,0,0,1,1,100.0,10673,4.75,5.44,100,18782.0,18347,680328,M,Ostrava - mesto,north Moravia,323870,0,0,0,1,1,100.0,10673,4.75,5.44,100,18782.0,18347,37596.93239436621,106144.8,1100.0,18388.528003099997,1.0
6986,950211,151728,48,3161,-1,monthly issuance,940516,Ostrava - mesto,north Moravia,323870,0,0,0,1,1,100.0,10673,4.75,5.44,100,18782.0,18347,760623,M,Ostrava - mesto,north Moravia,323870,0,0,0,1,1,100.0,10673,4.75,5.44,100,18782.0,18347,30491.09824561405,82784.6,-669.7,24000.12499806356,-1.0
6950,950411,104712,24,4363,1,monthly issuance,930520,Ostrava - mesto,north Moravia,323870,0,0,0,1,1,100.0,10673,4.75,5.44,100,18782.0,18347,441212,M,Ostrava - mesto,north Moravia,323870,0,0,0,1,1,100.0,10673,4.75,5.44,100,18782.0,18347,57357.84345549747,147603.2,400.0,27075.742058323933,1.0
6403,951205,194880,48,4060,1,monthly issuance,940601,Ostrava - mesto,north Moravia,323870,0,0,0,1,1,100.0,10673,4.75,5.44,100,18782.0,18347,791206,M,Ostrava - mesto,north Moravia,323870,0,0,0,1,1,100.0,10673,4.75,5.44,100,18782.0,18347,36421.42566371681,71138.8,300.0,13195.88479607901,1.0
6178,951216,232560,48,4845,1,issuance after transaction,950705,Ostrava - mesto,north Moravia,323870,0,0,0,1,1,100.0,10673,4.75,5.44,100,18782.0,18347,700129,F,Ostrava - mesto,north Moravia,323870,0,0,0,1,1,100.0,10673,4.75,5.44,100,18782.0,18347,63188.63333333333,102665.9,600.0,26204.030675466114,1.0
5563,960229,380160,60,6336,1,monthly issuance,940730,Ostrava - mesto,north Moravia,323870,0,0,0,1,1,100.0,10673,4.75,5.44,100,18782.0,18347,491215,M,Ostrava - mesto,north Moravia,323870,0,0,0,1,1,100.0,10673,4.75,5.44,100,18782.0,18347,64777.07522935785,147375.1,1100.0,27227.866078850297,1.0
6520,940316,91200,24,3800,1,monthly issuance,930728,Most,north Bohemia,119895,17,4,3,2,4,89.9,10446,7.34,9.4,90,4947.0,4743,550826,F,Most,north Bohemia,119895,17,4,3,2,4,89.9,10446,7.34,9.4,90,4947.0,4743,32558.533333333326,76736.9,700.0,15743.433555304437,1.0
5880,951031,73836,36,2051,1,monthly issuance,950426,Most,north Bohemia,119895,17,4,3,2,4,89.9,10446,7.34,9.4,90,4947.0,4743,670529,F,Most,north Bohemia,119895,17,4,3,2,4,89.9,10446,7.34,9.4,90,4947.0,4743,55315.168421052644,129607.8,900.0,32965.14577809675,1.0
5125,951123,73056,48,1522,1,monthly issuance,950206,Most,north Bohemia,119895,17,4,3,2,4,89.9,10446,7.34,9.4,90,4947.0,4743,701218,M,Most,north Bohemia,119895,17,4,3,2,4,89.9,10446,7.34,9.4,90,4947.0,4743,23255.149019607838,33555.4,500.0,6550.595429955129,1.0
7130,961211,123408,24,5142,1,issuance after transaction,951123,Most,north Bohemia,119895,17,4,3,2,4,89.9,10446,7.34,9.4,90,4947.0,4743,641014,M,Most,north Bohemia,119895,17,4,3,2,4,89.9,10446,7.34,9.4,90,4947.0,4743,28359.255384615382,85626.9,700.0,17185.363854691426,1.0
6699,940330,7656,24,319,1,monthly issuance,930328,Rychnov nad Kneznou,east Bohemia,78955,50,24,8,1,9,59.0,9060,1.78,2.44,124,1655.0,1717,620903,F,Rychnov nad Kneznou,east Bohemia,78955,50,24,8,1,9,59.0,9060,1.78,2.44,124,1655.0,1717,46444.639506172854,73069.1,600.0,12923.560345495733,1.0
6358,950114,137880,60,2298,-1,weekly issuance,930915,Rychnov nad Kneznou,east Bohemia,78955,50,24,8,1,9,59.0,9060,1.78,2.44,124,1655.0,1717,630312,M,Olomouc,north Moravia,226122,32,50,7,4,4,62.6,8994,3.8,4.79,110,9672.0,9208,24523.073033707853,52658.4,200.0,11727.066048624863,1.0
5713,950530,158760,60,2646,1,monthly issuance,930727,Rychnov nad Kneznou,east Bohemia,78955,50,24,8,1,9,59.0,9060,1.78,2.44,124,1655.0,1717,780131,M,Rychnov nad Kneznou,east Bohemia,78955,50,24,8,1,9,59.0,9060,1.78,2.44,124,1655.0,1717,24908.761445783133,59898.4,900.0,8944.715311238846,1.0
6302,960916,181020,60,3017,1,monthly issuance,950315,Rychnov nad Kneznou,east Bohemia,78955,50,24,8,1,9,59.0,9060,1.78,2.44,124,1655.0,1717,660614,F,Rychnov nad Kneznou,east Bohemia,78955,50,24,8,1,9,59.0,9060,1.78,2.44,124,1655.0,1717,34005.90645161291,60475.3,500.0,9801.680644529753,1.0
6336,940331,212400,36,5900,1,weekly issuance,930305,Louny,north Bohemia,85852,41,23,4,2,4,59.8,8965,7.08,8.23,104,2653.0,2822,661024,F,Louny,north Bohemia,85852,41,23,4,2,4,59.8,8965,7.08,8.23,104,2653.0,2822,51034.361971831,133215.2,300.0,27309.501085647138,1.0
6279,940607,87360,24,3640,1,monthly issuance,930721,Louny,north Bohemia,85852,41,23,4,2,4,59.8,8965,7.08,8.23,104,2653.0,2822,620710,M,Louny,north Bohemia,85852,41,23,4,2,4,59.8,8965,7.08,8.23,104,2653.0,2822,36783.95000000002,69174.6,200.0,13552.449489852383,1.0
5723,940910,23628,12,1969,1,monthly issuance,930312,Louny,north Bohemia,85852,41,23,4,2,4,59.8,8965,7.08,8.23,104,2653.0,2822,540309,M,Louny,north Bohemia,85852,41,23,4,2,4,59.8,8965,7.08,8.23,104,2653.0,2822,47420.8418181818,140228.7,1000.0,27950.21068970952,1.0
6591,950202,20832,48,434,1,monthly issuance,930801,Louny,north Bohemia,85852,41,23,4,2,4,59.8,8965,7.08,8.23,104,2653.0,2822,480504,M,Louny,north Bohemia,85852,41,23,4,2,4,59.8,8965,7.08,8.23,104,2653.0,2822,21368.909933774816,41997.9,500.0,5923.774708486193,1.0
5212,950529,71064,36,1974,1,monthly issuance,940421,Louny,north Bohemia,85852,41,23,4,2,4,59.8,8965,7.08,8.23,104,2653.0,2822,461017,F,Louny,north Bohemia,85852,41,23,4,2,4,59.8,8965,7.08,8.23,104,2653.0,2822,34577.302325581426,55373.3,700.0,9923.171541124475,1.0
5610,960224,123216,48,2567,1,monthly issuance,940812,Louny,north Bohemia,85852,41,23,4,2,4,59.8,8965,7.08,8.23,104,2653.0,2822,770812,F,Louny,north Bohemia,85852,41,23,4,2,4,59.8,8965,7.08,8.23,104,2653.0,2822,70622.83359375001,138433.7,700.0,28089.524636349874,1.0
6961,960606,176148,36,4893,1,monthly issuance,960123,Louny,north Bohemia,85852,41,23,4,2,4,59.8,8965,7.08,8.23,104,2653.0,2822,631120,F,Louny,north Bohemia,85852,41,23,4,2,4,59.8,8965,7.08,8.23,104,2653.0,2822,47154.50000000001,83783.4,1100.0,21431.237856261752,1.0
6421,960725,96768,36,2688,1,monthly issuance,950727,Louny,north Bohemia,85852,41,23,4,2,4,59.8,8965,7.08,8.23,104,2653.0,2822,680106,F,Louny,north Bohemia,85852,41,23,4,2,4,59.8,8965,7.08,8.23,104,2653.0,2822,51611.342424242415,117830.9,900.0,22929.24381405384,1.0
7055,940406,167100,60,2785,1,monthly issuance,930506,Uherske Hradiste,south Moravia,145688,22,41,13,2,5,40.7,8544,1.29,1.86,109,2719.0,2906,700117,F,Uherske Hradiste,south Moravia,145688,22,41,13,2,5,40.7,8544,1.29,1.86,109,2719.0,2906,63707.62658227851,143605.7,1100.0,26493.591588875428,1.0
5138,950530,87216,48,1817,1,monthly issuance,930921,Uherske Hradiste,south Moravia,145688,22,41,13,2,5,40.7,8544,1.29,1.86,109,2719.0,2906,540316,F,Hl.m. Praha,Prague,1204953,0,0,0,1,1,100.0,12541,0.29,0.43,167,85677.0,99107,30847.149324324328,43787.3,700.0,6554.760512834302,1.0
6362,951031,37908,12,3159,1,monthly issuance,940728,Uherske Hradiste,south Moravia,145688,22,41,13,2,5,40.7,8544,1.29,1.86,109,2719.0,2906,760508,F,Uherske Hradiste,south Moravia,145688,22,41,13,2,5,40.7,8544,1.29,1.86,109,2719.0,2906,42164.027631578916,69530.4,800.0,12938.94049629102,1.0
6550,960518,320592,48,6679,1,monthly issuance,950208,Uherske Hradiste,south Moravia,145688,22,41,13,2,5,40.7,8544,1.29,1.86,109,2719.0,2906,701109,F,Uherske Hradiste,south Moravia,145688,22,41,13,2,5,40.7,8544,1.29,1.86,109,2719.0,2906,60781.30681818184,117827.8,500.0,21161.10823723557,1.0
5886,961031,192744,36,5354,1,monthly issuance,960616,Uherske Hradiste,south Moravia,145688,22,41,13,2,5,40.7,8544,1.29,1.86,109,2719.0,2906,640314,M,Uherske Hradiste,south Moravia,145688,22,41,13,2,5,40.7,8544,1.29,1.86,109,2719.0,2906,62590.42307692309,128778.8,200.0,28733.343188251627,1.0
6944,961115,46176,48,962,1,monthly issuance,960607,Uherske Hradiste,south Moravia,145688,22,41,13,2,5,40.7,8544,1.29,1.86,109,2719.0,2906,661103,M,Uherske Hradiste,south Moravia,145688,22,41,13,2,5,40.7,8544,1.29,1.86,109,2719.0,2906,33613.105882352946,54705.1,1000.0,13279.637852717908,1.0
5209,961125,182640,48,3805,1,monthly issuance,960328,Uherske Hradiste,south Moravia,145688,22,41,13,2,5,40.7,8544,1.29,1.86,109,2719.0,2906,420419,F,Uherske Hradiste,south Moravia,145688,22,41,13,2,5,40.7,8544,1.29,1.86,109,2719.0,2906,37802.22999999999,64411.8,600.0,14199.381522847556,1.0
6696,940509,89040,60,1484,1,monthly issuance,930412,Vsetin,north Moravia,148545,8,35,12,3,4,53.5,8909,4.01,5.56,113,3460.0,3590,700125,F,Vsetin,north Moravia,148545,8,35,12,3,4,53.5,8909,4.01,5.56,113,3460.0,3590,30045.399999999994,46550.2,800.0,8832.079278613892,1.0
6066,940711,173808,24,7242,1,issuance after transaction,930623,Vsetin,north Moravia,148545,8,35,12,3,4,53.5,8909,4.01,5.56,113,3460.0,3590,570127,F,Vsetin,north Moravia,148545,8,35,12,3,4,53.5,8909,4.01,5.56,113,3460.0,3590,61218.658666666684,134416.6,1000.0,24967.390839870233,1.0
5586,960914,48744,36,1354,1,monthly issuance,960503,Vsetin,north Moravia,148545,8,35,12,3,4,53.5,8909,4.01,5.56,113,3460.0,3590,640414,F,Vsetin,north Moravia,148545,8,35,12,3,4,53.5,8909,4.01,5.56,113,3460.0,3590,42930.20714285714,62891.3,900.0,19512.79097225377,1.0
6072,940510,193968,36,5388,1,issuance after transaction,931025,Olomouc,north Moravia,226122,32,50,7,4,4,62.6,8994,3.8,4.79,110,9672.0,9208,721203,M,Olomouc,north Moravia,226122,32,50,7,4,4,62.6,8994,3.8,4.79,110,9672.0,9208,63579.21724137931,120567.3,800.0,30034.31343586232,1.0
7138,950703,60000,60,1000,1,monthly issuance,930913,Olomouc,north Moravia,226122,32,50,7,4,4,62.6,8994,3.8,4.79,110,9672.0,9208,461015,M,Jicin,east Bohemia,77917,85,19,6,1,5,53.5,8390,2.28,2.89,132,2080.0,2122,24643.283941605852,39393.9,400.0,5853.928886719553,1.0
5145,950916,309552,48,6449,1,monthly issuance,950118,Olomouc,north Moravia,226122,32,50,7,4,4,62.6,8994,3.8,4.79,110,9672.0,9208,350129,M,Olomouc,north Moravia,226122,32,50,7,4,4,62.6,8994,3.8,4.79,110,9672.0,9208,56105.499999999985,121713.2,700.0,21979.384405419012,1.0
7243,951204,217152,36,6032,1,monthly issuance,950129,Olomouc,north Moravia,226122,32,50,7,4,4,62.6,8994,3.8,4.79,110,9672.0,9208,740707,M,Olomouc,north Moravia,226122,32,50,7,4,4,62.6,8994,3.8,4.79,110,9672.0,9208,49107.066666666644,109774.3,400.0,18394.513784863895,1.0
6540,951231,309600,48,6450,1,weekly issuance,950117,Olomouc,north Moravia,226122,32,50,7,4,4,62.6,8994,3.8,4.79,110,9672.0,9208,750626,M,Olomouc,north Moravia,226122,32,50,7,4,4,62.6,8994,3.8,4.79,110,9672.0,9208,58185.589285714275,112363.1,400.0,20963.72847544651,1.0
5706,960524,161496,36,4486,1,weekly issuance,940830,Olomouc,north Moravia,226122,32,50,7,4,4,62.6,8994,3.8,4.79,110,9672.0,9208,710724,M,Olomouc,north Moravia,226122,32,50,7,4,4,62.6,8994,3.8,4.79,110,9672.0,9208,33219.900000000016,113865.5,500.0,19260.546243938246,1.0
5136,960728,187104,24,7796,1,monthly issuance,960309,Olomouc,north Moravia,226122,32,50,7,4,4,62.6,8994,3.8,4.79,110,9672.0,9208,770510,F,Olomouc,north Moravia,226122,32,50,7,4,4,62.6,8994,3.8,4.79,110,9672.0,9208,66292.37199999999,137193.5,300.0,34581.401348370775,1.0
6865,960911,29448,12,2454,-1,monthly issuance,960515,Olomouc,north Moravia,226122,32,50,7,4,4,62.6,8994,3.8,4.79,110,9672.0,9208,471021,M,Olomouc,north Moravia,226122,32,50,7,4,4,62.6,8994,3.8,4.79,110,9672.0,9208,28977.436363636363,43790.6,800.0,11482.495155433138,1.0
6818,961212,155616,48,3242,1,monthly issuance,950121,Olomouc,north Moravia,226122,32,50,7,4,4,62.6,8994,3.8,4.79,110,9672.0,9208,710410,F,Olomouc,north Moravia,226122,32,50,7,4,4,62.6,8994,3.8,4.79,110,9672.0,9208,44197.5098837209,75294.1,200.0,11044.494392196435,1.0
5130,940511,24312,12,2026,1,monthly issuance,930210,Jindrichuv Hradec,south Bohemia,93931,74,21,10,1,8,56.9,8427,1.12,1.54,107,1874.0,1913,551119,F,Jindrichuv Hradec,south Bohemia,93931,74,21,10,1,8,56.9,8427,1.12,1.54,107,1874.0,1913,29380.83974358975,48277.9,1100.0,7695.862800862465,1.0
5390,941030,170256,24,7094,1,monthly issuance,930808,Jindrichuv Hradec,south Bohemia,93931,74,21,10,1,8,56.9,8427,1.12,1.54,107,1874.0,1913,650716,F,Jindrichuv Hradec,south Bohemia,93931,74,21,10,1,8,56.9,8427,1.12,1.54,107,1874.0,1913,40091.18311688309,79869.8,200.0,13589.383988840647,1.0
6342,951112,60156,36,1671,-1,monthly issuance,950327,Jindrichuv Hradec,south Bohemia,93931,74,21,10,1,8,56.9,8427,1.12,1.54,107,1874.0,1913,760808,M,Jindrichuv Hradec,south Bohemia,93931,74,21,10,1,8,56.9,8427,1.12,1.54,107,1874.0,1913,72667.63571428576,159712.8,400.0,34206.98741517548,1.0
4973,960502,165960,24,6915,1,monthly issuance,941019,Jindrichuv Hradec,south Bohemia,93931,74,21,10,1,8,56.9,8427,1.12,1.54,107,1874.0,1913,440613,F,Jindrichuv Hradec,south Bohemia,93931,74,21,10,1,8,56.9,8427,1.12,1.54,107,1874.0,1913,52523.24479999999,107069.6,700.0,20955.646998372442,1.0
6354,961023,22968,36,638,1,monthly issuance,960625,Jindrichuv Hradec,south Bohemia,93931,74,21,10,1,8,56.9,8427,1.12,1.54,107,1874.0,1913,500727,F,Jindrichuv Hradec,south Bohemia,93931,74,21,10,1,8,56.9,8427,1.12,1.54,107,1874.0,1913,23324.93636363636,38831.0,1000.0,11195.573958245528,1.0
7233,961225,115812,36,3217,1,monthly issuance,950520,Jindrichuv Hradec,south Bohemia,93931,74,21,10,1,8,56.9,8427,1.12,1.54,107,1874.0,1913,530601,M,Jindrichuv Hradec,south Bohemia,93931,74,21,10,1,8,56.9,8427,1.12,1.54,107,1874.0,1913,56646.51612903223,119527.2,1100.0,21971.16285210507,1.0
5568,940517,272520,60,4542,1,monthly issuance,930618,Praha - vychod,central Bohemia,92084,55,29,4,3,5,46.7,10124,0.56,0.54,141,3810.0,4316,390902,M,Praha - vychod,central Bohemia,92084,55,29,4,3,5,46.7,10124,0.56,0.54,141,3810.0,4316,44602.64166666665,121891.4,1100.0,24196.754530887032,1.0
6841,940807,172080,48,3585,1,monthly issuance,940121,Praha - vychod,central Bohemia,92084,55,29,4,3,5,46.7,10124,0.56,0.54,141,3810.0,4316,570305,F,Praha - vychod,central Bohemia,92084,55,29,4,3,5,46.7,10124,0.56,0.54,141,3810.0,4316,60743.95714285712,119138.8,200.0,21110.311874741452,1.0
6157,950710,98592,24,4108,1,issuance after transaction,950108,Praha - vychod,central Bohemia,92084,55,29,4,3,5,46.7,10124,0.56,0.54,141,3810.0,4316,631224,F,Praha - vychod,central Bohemia,92084,55,29,4,3,5,46.7,10124,0.56,0.54,141,3810.0,4316,54128.565384615365,78713.7,900.0,19656.294381371936,1.0
5591,961204,155616,48,3242,1,monthly issuance,960420,Praha - vychod,central Bohemia,92084,55,29,4,3,5,46.7,10124,0.56,0.54,141,3810.0,4316,591025,F,Praha - vychod,central Bohemia,92084,55,29,4,3,5,46.7,10124,0.56,0.54,141,3810.0,4316,39426.07,62153.6,300.0,13711.094458293306,1.0
6998,940521,97632,12,8136,1,monthly issuance,930724,Strakonice,south Bohemia,70646,94,14,3,1,4,58.4,8547,2.65,3.64,120,1563.0,1542,680907,F,Tabor,south Bohemia,103347,87,16,7,1,7,67.0,9104,1.51,2.07,123,2299.0,2354,53379.1276923077,119900.1,1100.0,22871.826586869844,1.0
5176,941112,192552,24,8023,-1,weekly issuance,930829,Strakonice,south Bohemia,70646,94,14,3,1,4,58.4,8547,2.65,3.64,120,1563.0,1542,631231,F,Strakonice,south Bohemia,70646,94,14,3,1,4,58.4,8547,2.65,3.64,120,1563.0,1542,23979.011764705876,49563.0,800.0,13015.026674865438,1.0
6712,951014,266220,60,4437,1,monthly issuance,940510,Strakonice,south Bohemia,70646,94,14,3,1,4,58.4,8547,2.65,3.64,120,1563.0,1542,650217,F,Strakonice,south Bohemia,70646,94,14,3,1,4,58.4,8547,2.65,3.64,120,1563.0,1542,34922.88125000001,66744.4,900.0,11836.447603426752,1.0
6013,960203,128988,36,3583,-1,weekly issuance,940801,Strakonice,south Bohemia,70646,94,14,3,1,4,58.4,8547,2.65,3.64,120,1563.0,1542,390815,M,Strakonice,south Bohemia,70646,94,14,3,1,4,58.4,8547,2.65,3.64,120,1563.0,1542,34740.70243902438,78192.9,-36.1,17311.119715544686,-1.0
6715,960506,220620,60,3677,1,monthly issuance,941202,Strakonice,south Bohemia,70646,94,14,3,1,4,58.4,8547,2.65,3.64,120,1563.0,1542,430815,F,Strakonice,south Bohemia,70646,94,14,3,1,4,58.4,8547,2.65,3.64,120,1563.0,1542,36907.45624999999,70272.7,1100.0,14352.078379313043,1.0
6580,940522,196080,48,4085,1,monthly issuance,931003,Cheb,west Bohemia,87419,21,11,4,3,9,85.5,8624,1.79,2.66,102,2879.0,3198,580527,M,Cheb,west Bohemia,87419,21,11,4,3,9,85.5,8624,1.79,2.66,102,2879.0,3198,49143.96595744679,97457.4,900.0,23182.39661204049,1.0
6729,940811,74688,12,6224,1,monthly issuance,930402,Cheb,west Bohemia,87419,21,11,4,3,9,85.5,8624,1.79,2.66,102,2879.0,3198,450126,F,Cheb,west Bohemia,87419,21,11,4,3,9,85.5,8624,1.79,2.66,102,2879.0,3198,48484.62410714286,104902.4,1100.0,20930.65093441297,1.0
6407,940526,25944,24,1081,1,monthly issuance,930908,Usti nad Labem,north Bohemia,118650,8,8,5,1,3,85.6,9832,3.32,4.48,114,6445.0,5471,600521,F,Usti nad Labem,north Bohemia,118650,8,8,5,1,3,85.6,9832,3.32,4.48,114,6445.0,5471,56927.45405405405,80155.2,600.0,17426.036797826957,1.0
7166,950624,198240,24,8260,1,monthly issuance,950115,Usti nad Labem,north Bohemia,118650,8,8,5,1,3,85.6,9832,3.32,4.48,114,6445.0,5471,560218,M,Usti nad Labem,north Bohemia,118650,8,8,5,1,3,85.6,9832,3.32,4.48,114,6445.0,5471,30953.14375,51947.2,300.0,13022.421614480607,1.0
5002,940531,104808,12,8734,1,monthly issuance,931126,Zdar nad Sazavou,south Moravia,125832,151,41,2,3,5,48.3,8512,3.51,4.12,102,2247.0,2103,391130,M,Zdar nad Sazavou,south Moravia,125832,151,41,2,3,5,48.3,8512,3.51,4.12,102,2247.0,2103,38709.829999999994,57865.3,500.0,11517.17524821232,1.0
7137,940603,151560,24,6315,1,monthly issuance,931121,Zdar nad Sazavou,south Moravia,125832,151,41,2,3,5,48.3,8512,3.51,4.12,102,2247.0,2103,530505,M,Zdar nad Sazavou,south Moravia,125832,151,41,2,3,5,48.3,8512,3.51,4.12,102,2247.0,2103,53976.29285714284,97912.7,300.0,22844.006164579678,1.0
5836,940827,79632,24,3318,1,monthly issuance,940408,Zdar nad Sazavou,south Moravia,125832,151,41,2,3,5,48.3,8512,3.51,4.12,102,2247.0,2103,590810,F,Zdar nad Sazavou,south Moravia,125832,151,41,2,3,5,48.3,8512,3.51,4.12,102,2247.0,2103,63494.200000000004,119373.5,900.0,29061.53705517541,1.0
5970,950709,465072,48,9689,1,monthly issuance,940114,Zdar nad Sazavou,south Moravia,125832,151,41,2,3,5,48.3,8512,3.51,4.12,102,2247.0,2103,480508,M,Zdar nad Sazavou,south Moravia,125832,151,41,2,3,5,48.3,8512,3.51,4.12,102,2247.0,2103,27778.74563106796,79557.6,300.0,13613.100566191753,1.0
6109,960603,368880,60,6148,1,monthly issuance,941022,Zdar nad Sazavou,south Moravia,125832,151,41,2,3,5,48.3,8512,3.51,4.12,102,2247.0,2103,740804,M,Zdar nad Sazavou,south Moravia,125832,151,41,2,3,5,48.3,8512,3.51,4.12,102,2247.0,2103,60030.74340659324,151062.3,1100.0,28681.808383335625,1.0
5918,940604,300204,36,8339,1,monthly issuance,930605,Plzen - jih,west Bohemia,67298,71,19,10,0,7,43.8,8561,0.65,1.29,110,1029.0,1127,640313,M,Hodonin,south Moravia,161954,21,37,20,3,8,48.0,8720,3.73,4.5,116,3729.0,3651,34084.4605633803,57676.7,300.0,11447.547499735841,1.0
5923,961010,64656,48,1347,1,monthly issuance,960608,Plzen - jih,west Bohemia,67298,71,19,10,0,7,43.8,8561,0.65,1.29,110,1029.0,1127,470319,M,Plzen - jih,west Bohemia,67298,71,19,10,0,7,43.8,8561,0.65,1.29,110,1029.0,1127,25896.466666666664,44749.0,200.0,11814.971181770212,1.0
6112,940617,174744,24,7281,-1,monthly issuance,930322,Chomutov,north Bohemia,125236,28,11,1,4,5,87.7,9675,6.43,7.68,100,5323.0,5190,781121,F,Kolin,central Bohemia,95616,65,30,4,1,6,51.4,9307,3.85,4.43,118,2616.0,3040,26252.81440677965,96659.4,-1369.2,23430.521918399387,-1.0
5414,950329,185952,48,3874,1,monthly issuance,940319,Chomutov,north Bohemia,125236,28,11,1,4,5,87.7,9675,6.43,7.68,100,5323.0,5190,450222,M,Chomutov,north Bohemia,125236,28,11,1,4,5,87.7,9675,6.43,7.68,100,5323.0,5190,50113.194117647035,145318.2,700.0,31588.37996191236,1.0
6600,951008,21852,36,607,1,monthly issuance,950422,Chomutov,north Bohemia,125236,28,11,1,4,5,87.7,9675,6.43,7.68,100,5323.0,5190,541205,M,Chomutov,north Bohemia,125236,28,11,1,4,5,87.7,9675,6.43,7.68,100,5323.0,5190,38509.05000000001,60863.2,700.0,15001.855573002804,1.0
5837,940629,244560,60,4076,1,monthly issuance,931014,Breclav,south Moravia,124605,11,42,14,1,8,46.0,8772,4.69,4.98,126,2854.0,3158,670719,F,Jihlava,south Moravia,109164,98,16,6,1,4,63.6,8757,3.38,3.95,96,2212.0,2471,38426.72857142858,72512.5,1000.0,15757.722747155978,1.0
6232,940708,276660,36,7685,-1,monthly issuance,930828,Breclav,south Moravia,124605,11,42,14,1,8,46.0,8772,4.69,4.98,126,2854.0,3158,490518,M,Breclav,south Moravia,124605,11,42,14,1,8,46.0,8772,4.69,4.98,126,2854.0,3158,19256.894827586206,32720.4,500.0,6029.338312664938,1.0
5032,941103,123696,48,2577,1,monthly issuance,931202,Breclav,south Moravia,124605,11,42,14,1,8,46.0,8772,4.69,4.98,126,2854.0,3158,400827,M,Breclav,south Moravia,124605,11,42,14,1,8,46.0,8772,4.69,4.98,126,2854.0,3158,49084.381967213136,89822.2,300.0,20572.457529737083,1.0
5533,940705,111384,24,4641,1,monthly issuance,930320,Prachatice,south Bohemia,51428,50,11,3,1,4,52.7,8402,3.13,3.98,120,999.0,1099,670210,M,Praha - zapad,central Bohemia,75637,35,36,9,0,7,36.5,9622,0.45,0.59,154,3475.0,3529,65097.22434210523,141386.0,500.0,26285.863067554477,1.0
6725,950623,265320,36,7370,1,monthly issuance,930918,Prachatice,south Bohemia,51428,50,11,3,1,4,52.7,8402,3.13,3.98,120,999.0,1099,480828,F,Trutnov,east Bohemia,121947,37,28,7,3,11,70.5,8541,2.51,2.97,131,3496.0,3839,35566.881081081105,61993.3,700.0,9992.573114499548,1.0
5237,950829,45336,24,1889,1,monthly issuance,940427,Prachatice,south Bohemia,51428,50,11,3,1,4,52.7,8402,3.13,3.98,120,999.0,1099,570429,M,Prachatice,south Bohemia,51428,50,11,3,1,4,52.7,8402,3.13,3.98,120,999.0,1099,48152.95333333336,71486.0,800.0,11574.102240004077,1.0
5409,951118,182040,60,3034,1,monthly issuance,941121,Prachatice,south Bohemia,51428,50,11,3,1,4,52.7,8402,3.13,3.98,120,999.0,1099,510324,F,Prachatice,south Bohemia,51428,50,11,3,1,4,52.7,8402,3.13,3.98,120,999.0,1099,67475.90169491527,110447.5,600.0,21927.67952867422,1.0
6589,960101,189696,24,7904,1,weekly issuance,950409,Prachatice,south Bohemia,51428,50,11,3,1,4,52.7,8402,3.13,3.98,120,999.0,1099,450924,M,Prachatice,south Bohemia,51428,50,11,3,1,4,52.7,8402,3.13,3.98,120,999.0,1099,54137.105617977504,125386.9,700.0,23400.63444036177,1.0
5329,961016,396120,60,6602,1,weekly issuance,950415,Prachatice,south Bohemia,51428,50,11,3,1,4,52.7,8402,3.13,3.98,120,999.0,1099,500102,F,Prachatice,south Bohemia,51428,50,11,3,1,4,52.7,8402,3.13,3.98,120,999.0,1099,58855.27789473683,104859.1,500.0,20275.14198096615,1.0
5395,940730,299088,36,8308,-1,monthly issuance,930606,Bruntal,north Moravia,106054,38,25,6,2,6,63.1,8110,5.77,6.55,109,3244.0,3079,661210,F,Bruntal,north Moravia,106054,38,25,6,2,6,63.1,8110,5.77,6.55,109,3244.0,3079,51992.85476190484,193909.9,500.0,33855.6980257672,1.0
7198,940823,45768,12,3814,1,weekly issuance,931122,Bruntal,north Moravia,106054,38,25,6,2,6,63.1,8110,5.77,6.55,109,3244.0,3079,770527,F,Olomouc,north Moravia,226122,32,50,7,4,4,62.6,8994,3.8,4.79,110,9672.0,9208,32555.818518518518,78327.5,800.0,14361.643030576997,1.0
7308,961227,129408,24,5392,1,monthly issuance,951014,Bruntal,north Moravia,106054,38,25,6,2,6,63.1,8110,5.77,6.55,109,3244.0,3079,621019,F,Bruntal,north Moravia,106054,38,25,6,2,6,63.1,8110,5.77,6.55,109,3244.0,3079,30869.781308411257,56055.6,1000.0,11709.142374755242,1.0
6836,940803,189300,60,3155,1,monthly issuance,930616,Pardubice,east Bohemia,162580,83,26,5,1,6,72.8,9538,1.51,1.81,111,6079.0,5410,531205,M,Jihlava,south Moravia,109164,98,16,6,1,4,63.6,8757,3.38,3.95,96,2212.0,2471,32354.031372548976,61043.3,800.0,12250.07957247933,1.0
6227,950304,28248,24,1177,1,monthly issuance,930824,Pardubice,east Bohemia,162580,83,26,5,1,6,72.8,9538,1.51,1.81,111,6079.0,5410,700210,F,Pardubice,east Bohemia,162580,83,26,5,1,6,72.8,9538,1.51,1.81,111,6079.0,5410,45582.44893617019,69893.0,400.0,11726.617607165175,1.0
5989,960304,213300,36,5925,1,monthly issuance,950413,Pardubice,east Bohemia,162580,83,26,5,1,6,72.8,9538,1.51,1.81,111,6079.0,5410,640422,M,Pardubice,east Bohemia,162580,83,26,5,1,6,72.8,9538,1.51,1.81,111,6079.0,5410,27951.91355932202,42443.7,400.0,7864.495893274421,1.0
6732,960919,174048,48,3626,1,monthly issuance,951010,Pardubice,east Bohemia,162580,83,26,5,1,6,72.8,9538,1.51,1.81,111,6079.0,5410,520216,F,Pardubice,east Bohemia,162580,83,26,5,1,6,72.8,9538,1.51,1.81,111,6079.0,5410,72968.38115942029,127067.6,600.0,23455.927264329013,1.0
6686,940825,224604,36,6239,1,monthly issuance,930324,Tachov,west Bohemia,51313,34,12,3,1,4,59.2,8930,3.52,4.2,108,1328.0,1452,760524,M,Tachov,west Bohemia,51313,34,12,3,1,4,59.2,8930,3.52,4.2,108,1328.0,1452,57496.989247311845,109178.4,200.0,21234.85601041191,1.0
5269,941119,164052,36,4557,-1,issuance after transaction,931117,Tachov,west Bohemia,51313,34,12,3,1,4,59.2,8930,3.52,4.2,108,1328.0,1452,750912,F,Tachov,west Bohemia,51313,34,12,3,1,4,59.2,8930,3.52,4.2,108,1328.0,1452,41752.16153846154,112045.6,-2564.7,30609.38988808057,-1.0
6306,941220,36684,12,3057,1,monthly issuance,930329,Tachov,west Bohemia,51313,34,12,3,1,4,59.2,8930,3.52,4.2,108,1328.0,1452,780923,F,Karvina,north Moravia,285387,0,2,8,5,7,89.9,10177,6.63,7.75,81,9878.0,10108,30229.79760000003,50774.2,700.0,7937.353315967118,1.0
5413,951212,92976,24,3874,1,weekly issuance,940522,Tachov,west Bohemia,51313,34,12,3,1,4,59.2,8930,3.52,4.2,108,1328.0,1452,701007,F,Tachov,west Bohemia,51313,34,12,3,1,4,59.2,8930,3.52,4.2,108,1328.0,1452,50436.46605504592,122342.1,300.0,26490.316135252084,1.0
6949,951212,104712,24,4363,1,weekly issuance,940522,Tachov,west Bohemia,51313,34,12,3,1,4,59.2,8930,3.52,4.2,108,1328.0,1452,701007,F,Tachov,west Bohemia,51313,34,12,3,1,4,59.2,8930,3.52,4.2,108,1328.0,1452,52379.128703703704,119752.3,300.0,25655.51365409269,1.0
6303,960212,72408,24,3017,-1,issuance after transaction,951009,Tachov,west Bohemia,51313,34,12,3,1,4,59.2,8930,3.52,4.2,108,1328.0,1452,580613,F,Tachov,west Bohemia,51313,34,12,3,1,4,59.2,8930,3.52,4.2,108,1328.0,1452,45099.261538461535,83619.5,700.0,19929.621714110985,1.0
5312,960313,202788,36,5633,1,weekly issuance,950220,Tachov,west Bohemia,51313,34,12,3,1,4,59.2,8930,3.52,4.2,108,1328.0,1452,530720,F,Tachov,west Bohemia,51313,34,12,3,1,4,59.2,8930,3.52,4.2,108,1328.0,1452,57124.26835443037,139880.9,1100.0,23297.66357464454,1.0
5388,961128,61560,12,5130,1,weekly issuance,960107,Tachov,west Bohemia,51313,34,12,3,1,4,59.2,8930,3.52,4.2,108,1328.0,1452,430104,M,Tachov,west Bohemia,51313,34,12,3,1,4,59.2,8930,3.52,4.2,108,1328.0,1452,32967.71267605635,73559.9,200.0,17762.224670277326,1.0
5595,940902,82896,12,6908,1,monthly issuance,930508,Prostejov,south Moravia,110643,49,41,4,1,4,51.9,8441,3.45,4.48,115,1879.0,2252,720206,M,Semily,east Bohemia,75685,31,28,5,1,9,60.8,8208,1.89,2.26,155,1660.0,2123,57141.73095238097,107680.9,900.0,24685.921391444033,1.0
6594,940928,189696,24,7904,-1,monthly issuance,940517,Prostejov,south Moravia,110643,49,41,4,1,4,51.9,8441,3.45,4.48,115,1879.0,2252,700219,F,Prostejov,south Moravia,110643,49,41,4,1,4,51.9,8441,3.45,4.48,115,1879.0,2252,14900.0,22500.0,600.0,8889.038193190532,1.0
5887,941003,192744,36,5354,1,monthly issuance,930602,Prostejov,south Moravia,110643,49,41,4,1,4,51.9,8441,3.45,4.48,115,1879.0,2252,710920,F,Prostejov,south Moravia,110643,49,41,4,1,4,51.9,8441,3.45,4.48,115,1879.0,2252,37265.655263157896,121508.1,700.0,16917.161794126067,1.0
5495,960802,89340,60,1489,1,monthly issuance,951109,Prostejov,south Moravia,110643,49,41,4,1,4,51.9,8441,3.45,4.48,115,1879.0,2252,711112,F,Prostejov,south Moravia,110643,49,41,4,1,4,51.9,8441,3.45,4.48,115,1879.0,2252,39644.76363636364,54020.1,500.0,10748.387757632046,1.0
7013,960802,89340,60,1489,1,monthly issuance,951109,Prostejov,south Moravia,110643,49,41,4,1,4,51.9,8441,3.45,4.48,115,1879.0,2252,711112,F,Prostejov,south Moravia,110643,49,41,4,1,4,51.9,8441,3.45,4.48,115,1879.0,2252,40005.481818181834,54628.1,500.0,10876.871704682686,1.0
7136,960928,54396,36,1511,1,monthly issuance,960321,Prostejov,south Moravia,110643,49,41,4,1,4,51.9,8441,3.45,4.48,115,1879.0,2252,390727,M,Prostejov,south Moravia,110643,49,41,4,1,4,51.9,8441,3.45,4.48,115,1879.0,2252,30293.708695652174,42308.8,800.0,10625.946392927808,1.0
6120,940911,209184,48,4358,1,monthly issuance,930816,Usti nad Orlici,east Bohemia,139012,59,41,8,3,10,61.9,8363,2.52,3.49,108,2564.0,2799,530618,M,Hl.m. Praha,Prague,1204953,0,0,0,1,1,100.0,12541,0.29,0.43,167,85677.0,99107,46230.33970588231,110583.8,1000.0,19403.33495061386,1.0
5131,950108,48624,24,2026,1,monthly issuance,930805,Usti nad Orlici,east Bohemia,139012,59,41,8,3,10,61.9,8363,2.52,3.49,108,2564.0,2799,610930,M,Teplice,north Bohemia,128118,9,16,6,3,8,85.3,9317,6.49,7.07,97,6949.0,6872,63857.23675213678,134187.4,200.0,25825.858181660507,1.0
5804,950405,158976,48,3312,1,monthly issuance,931103,Usti nad Orlici,east Bohemia,139012,59,41,8,3,10,61.9,8363,2.52,3.49,108,2564.0,2799,390109,M,Usti nad Orlici,east Bohemia,139012,59,41,8,3,10,61.9,8363,2.52,3.49,108,2564.0,2799,49916.091025641035,130293.2,600.0,23319.338185046417,1.0
6578,951211,27984,12,2332,1,weekly issuance,940710,Usti nad Orlici,east Bohemia,139012,59,41,8,3,10,61.9,8363,2.52,3.49,108,2564.0,2799,490216,M,Usti nad Orlici,east Bohemia,139012,59,41,8,3,10,61.9,8363,2.52,3.49,108,2564.0,2799,30639.863157894713,82352.4,500.0,16237.333801572573,1.0
6175,960221,290700,60,4845,-1,monthly issuance,950125,Usti nad Orlici,east Bohemia,139012,59,41,8,3,10,61.9,8363,2.52,3.49,108,2564.0,2799,590227,F,Usti nad Orlici,east Bohemia,139012,59,41,8,3,10,61.9,8363,2.52,3.49,108,2564.0,2799,59647.42399999994,129626.3,-2825.2,31590.330595889624,-1.0
6992,960727,133968,48,2791,1,monthly issuance,951109,Usti nad Orlici,east Bohemia,139012,59,41,8,3,10,61.9,8363,2.52,3.49,108,2564.0,2799,430530,M,Usti nad Orlici,east Bohemia,139012,59,41,8,3,10,61.9,8363,2.52,3.49,108,2564.0,2799,46772.31518987338,117458.5,200.0,22590.104308053575,1.0
5988,960822,141648,24,5902,1,monthly issuance,960204,Usti nad Orlici,east Bohemia,139012,59,41,8,3,10,61.9,8363,2.52,3.49,108,2564.0,2799,520717,M,Usti nad Orlici,east Bohemia,139012,59,41,8,3,10,61.9,8363,2.52,3.49,108,2564.0,2799,45100.422222222216,123310.1,200.0,32279.922162774357,1.0
6599,961119,72120,12,6010,1,monthly issuance,950314,Usti nad Orlici,east Bohemia,139012,59,41,8,3,10,61.9,8363,2.52,3.49,108,2564.0,2799,521110,F,Usti nad Orlici,east Bohemia,139012,59,41,8,3,10,61.9,8363,2.52,3.49,108,2564.0,2799,75686.0656862745,109338.9,1000.0,20598.002308041385,1.0
5882,940926,87816,12,7318,1,monthly issuance,930607,Ceska Lipa,north Bohemia,105058,32,19,7,2,10,81.0,9272,2.8,3.22,118,4340.0,4505,610502,M,Hl.m. Praha,Prague,1204953,0,0,0,1,1,100.0,12541,0.29,0.43,167,85677.0,99107,25533.214285714286,43442.2,800.0,6896.753585410004,1.0
5337,960731,162468,36,4513,1,monthly issuance,960305,Ceska Lipa,north Bohemia,105058,32,19,7,2,10,81.0,9272,2.8,3.22,118,4340.0,4505,570823,F,Ceska Lipa,north Bohemia,105058,32,19,7,2,10,81.0,9272,2.8,3.22,118,4340.0,4505,51279.553333333344,83862.8,700.0,24180.888923925813,1.0
5088,960822,91152,24,3798,1,monthly issuance,950515,Ceska Lipa,north Bohemia,105058,32,19,7,2,10,81.0,9272,2.8,3.22,118,4340.0,4505,421210,M,Ceska Lipa,north Bohemia,105058,32,19,7,2,10,81.0,9272,2.8,3.22,118,4340.0,4505,44829.54415584415,72327.7,400.0,13400.064096640628,1.0
5161,941028,98184,24,4091,1,monthly issuance,940709,Znojmo,south Moravia,114200,101,41,4,1,4,43.7,8403,5.74,5.72,105,2157.0,2718,450612,F,Znojmo,south Moravia,114200,101,41,4,1,4,43.7,8403,5.74,5.72,105,2157.0,2718,41660.392857142855,68956.1,500.0,19672.65090202695,1.0
5045,950501,187224,24,7801,-1,monthly issuance,931213,Znojmo,south Moravia,114200,101,41,4,1,4,43.7,8403,5.74,5.72,105,2157.0,2718,471008,M,Hl.m. Praha,Prague,1204953,0,0,0,1,1,100.0,12541,0.29,0.43,167,85677.0,99107,42084.31136363636,92571.3,-243.3,22038.481589086696,-1.0
6955,951122,244368,48,5091,1,issuance after transaction,940722,Znojmo,south Moravia,114200,101,41,4,1,4,43.7,8403,5.74,5.72,105,2157.0,2718,700402,M,Znojmo,south Moravia,114200,101,41,4,1,4,43.7,8403,5.74,5.72,105,2157.0,2718,75924.2409722223,143453.3,200.0,25561.827684429165,1.0
7213,960213,113544,36,3154,1,monthly issuance,950220,Znojmo,south Moravia,114200,101,41,4,1,4,43.7,8403,5.74,5.72,105,2157.0,2718,420918,M,Znojmo,south Moravia,114200,101,41,4,1,4,43.7,8403,5.74,5.72,105,2157.0,2718,33990.41971830987,68048.1,700.0,12325.831191185673,1.0
5470,960415,200976,48,4187,1,monthly issuance,950909,Znojmo,south Moravia,114200,101,41,4,1,4,43.7,8403,5.74,5.72,105,2157.0,2718,550220,M,Znojmo,south Moravia,114200,101,41,4,1,4,43.7,8403,5.74,5.72,105,2157.0,2718,47938.06571428572,83553.5,600.0,18916.939576271827,1.0
6150,941102,83016,12,6918,1,monthly issuance,930208,Karvina,north Moravia,285387,0,2,8,5,7,89.9,10177,6.63,7.75,81,9878.0,10108,790326,M,Hodonin,south Moravia,161954,21,37,20,3,8,48.0,8720,3.73,4.5,116,3729.0,3651,67891.93520408169,136436.6,700.0,25921.044106424713,1.0
6694,950319,134784,24,5616,1,monthly issuance,940604,Karvina,north Moravia,285387,0,2,8,5,7,89.9,10177,6.63,7.75,81,9878.0,10108,400511,F,Karvina,north Moravia,285387,0,2,8,5,7,89.9,10177,6.63,7.75,81,9878.0,10108,44005.11272727273,112839.2,900.0,25288.200975246633,1.0
7263,960119,89880,24,3745,1,weekly issuance,950818,Karvina,north Moravia,285387,0,2,8,5,7,89.9,10177,6.63,7.75,81,9878.0,10108,630516,M,Karvina,north Moravia,285387,0,2,8,5,7,89.9,10177,6.63,7.75,81,9878.0,10108,62571.28275862067,116004.2,800.0,27471.97500043153,1.0
6816,960326,100224,48,2088,-1,monthly issuance,951122,Karvina,north Moravia,285387,0,2,8,5,7,89.9,10177,6.63,7.75,81,9878.0,10108,570201,F,Karvina,north Moravia,285387,0,2,8,5,7,89.9,10177,6.63,7.75,81,9878.0,10108,28124.933333333334,46487.1,700.0,9838.648370404875,1.0
5452,960429,49440,60,824,1,monthly issuance,950121,Karvina,north Moravia,285387,0,2,8,5,7,89.9,10177,6.63,7.75,81,9878.0,10108,661006,F,Karvina,north Moravia,285387,0,2,8,5,7,89.9,10177,6.63,7.75,81,9878.0,10108,47798.865454545456,74419.8,300.0,12804.463916870112,1.0
6190,960506,123600,60,2060,1,monthly issuance,950714,Karvina,north Moravia,285387,0,2,8,5,7,89.9,10177,6.63,7.75,81,9878.0,10108,670630,M,Karvina,north Moravia,285387,0,2,8,5,7,89.9,10177,6.63,7.75,81,9878.0,10108,39514.677551020395,105255.7,300.0,23277.873093332157,1.0
6921,961029,86184,12,7182,1,monthly issuance,960306,Karvina,north Moravia,285387,0,2,8,5,7,89.9,10177,6.63,7.75,81,9878.0,10108,401204,F,Karvina,north Moravia,285387,0,2,8,5,7,89.9,10177,6.63,7.75,81,9878.0,10108,59935.27142857144,128146.0,300.0,24799.974037872777,1.0
5366,961029,86184,12,7182,1,monthly issuance,960306,Karvina,north Moravia,285387,0,2,8,5,7,89.9,10177,6.63,7.75,81,9878.0,10108,401204,F,Karvina,north Moravia,285387,0,2,8,5,7,89.9,10177,6.63,7.75,81,9878.0,10108,60273.67857142858,128146.0,300.0,25642.077157191914,1.0
6805,961221,45024,48,938,1,monthly issuance,960521,Karvina,north Moravia,285387,0,2,8,5,7,89.9,10177,6.63,7.75,81,9878.0,10108,570504,F,Karvina,north Moravia,285387,0,2,8,5,7,89.9,10177,6.63,7.75,81,9878.0,10108,41994.90769230769,63659.3,800.0,13151.510254347308,1.0
5351,941204,205200,36,5700,1,weekly issuance,930611,Hodonin,south Moravia,161954,21,37,20,3,8,48.0,8720,3.73,4.5,116,3729.0,3651,630125,F,Hl.m. Praha,Prague,1204953,0,0,0,1,1,100.0,12541,0.29,0.43,167,85677.0,99107,58336.31162790699,93928.5,900.0,17204.070909560676,1.0
5861,941208,51408,24,2142,1,monthly issuance,931116,Rokycany,west Bohemia,45714,52,10,5,1,6,55.6,8843,2.82,3.6,113,818.0,888,490724,M,Rokycany,west Bohemia,45714,52,10,5,1,6,55.6,8843,2.82,3.6,113,818.0,888,52299.2859375,137087.2,900.0,27533.493654127193,1.0
5418,950116,347952,48,7249,1,monthly issuance,930330,Rokycany,west Bohemia,45714,52,10,5,1,6,55.6,8843,2.82,3.6,113,818.0,888,641030,F,Rokycany,west Bohemia,45714,52,10,5,1,6,55.6,8843,2.82,3.6,113,818.0,888,54157.19416666667,123013.2,300.0,23422.026500661636,1.0
6704,950601,417060,60,6951,1,monthly issuance,931120,Rokycany,west Bohemia,45714,52,10,5,1,6,55.6,8843,2.82,3.6,113,818.0,888,610914,F,Rokycany,west Bohemia,45714,52,10,5,1,6,55.6,8843,2.82,3.6,113,818.0,888,58445.027027027056,127508.6,200.0,25817.73541355228,1.0
5625,961215,222180,60,3703,-1,monthly issuance,951129,Rokycany,west Bohemia,45714,52,10,5,1,6,55.6,8843,2.82,3.6,113,818.0,888,390320,M,Rokycany,west Bohemia,45714,52,10,5,1,6,55.6,8843,2.82,3.6,113,818.0,888,55230.444067796634,130659.1,800.0,26510.559286203952,1.0
5450,941211,199680,60,3328,1,monthly issuance,931025,Kolin,central Bohemia,95616,65,30,4,1,6,51.4,9307,3.85,4.43,118,2616.0,3040,490523,M,Usti nad Orlici,east Bohemia,139012,59,41,8,3,10,61.9,8363,2.52,3.49,108,2564.0,2799,33658.61756756758,62238.8,500.0,11909.168772706618,1.0
5132,950217,538500,60,8975,1,monthly issuance,940318,Kolin,central Bohemia,95616,65,30,4,1,6,51.4,9307,3.85,4.43,118,2616.0,3040,600628,M,Kolin,central Bohemia,95616,65,30,4,1,6,51.4,9307,3.85,4.43,118,2616.0,3040,33687.85862068964,69775.9,200.0,13408.02036465337,1.0
6153,950725,285600,60,4760,1,weekly issuance,941115,Kolin,central Bohemia,95616,65,30,4,1,6,51.4,9307,3.85,4.43,118,2616.0,3040,801207,F,Kolin,central Bohemia,95616,65,30,4,1,6,51.4,9307,3.85,4.43,118,2616.0,3040,49651.891836734714,126077.1,1100.0,26473.421823735447,1.0
6471,960804,155640,24,6485,1,monthly issuance,950619,Kolin,central Bohemia,95616,65,30,4,1,6,51.4,9307,3.85,4.43,118,2616.0,3040,430107,F,Kolin,central Bohemia,95616,65,30,4,1,6,51.4,9307,3.85,4.43,118,2616.0,3040,45183.34952380947,72838.9,500.0,13513.470301034702,1.0
5624,950103,177744,48,3703,-1,monthly issuance,930810,Novy Jicin,north Moravia,161227,5,35,11,4,10,69.7,8678,5.93,5.57,102,4980.0,4595,720313,M,Kromeriz,south Moravia,108871,41,29,7,2,6,62.1,8444,3.24,3.47,106,2595.0,2305,26746.52526315788,89733.5,-2485.5,21147.080702847834,-1.0
7189,960321,154656,48,3222,1,monthly issuance,941223,Novy Jicin,north Moravia,161227,5,35,11,4,10,69.7,8678,5.93,5.57,102,4980.0,4595,561128,M,Novy Jicin,north Moravia,161227,5,35,11,4,10,69.7,8678,5.93,5.57,102,4980.0,4595,31791.328089887636,61782.0,1000.0,10868.943277490946,1.0
6315,950206,43164,12,3597,1,monthly issuance,940208,Trebic,south Moravia,117897,139,28,5,1,6,53.8,8814,4.76,5.74,107,2112.0,2059,760106,F,Trebic,south Moravia,117897,139,28,5,1,6,53.8,8814,4.76,5.74,107,2112.0,2059,68377.06376811593,120071.4,800.0,22291.654033186624,1.0
6151,950425,225420,60,3757,1,monthly issuance,940617,Trebic,south Moravia,117897,139,28,5,1,6,53.8,8814,4.76,5.74,107,2112.0,2059,480803,F,Trebic,south Moravia,117897,139,28,5,1,6,53.8,8814,4.76,5.74,107,2112.0,2059,31185.156862745098,53271.6,200.0,9614.3623318295,1.0
6965,950613,139536,24,5814,1,monthly issuance,931114,Trebic,south Moravia,117897,139,28,5,1,6,53.8,8814,4.76,5.74,107,2112.0,2059,410913,F,Trebic,south Moravia,117897,139,28,5,1,6,53.8,8814,4.76,5.74,107,2112.0,2059,63889.87393939399,151546.9,800.0,30644.157075754647,1.0
7305,960806,54024,12,4502,1,monthly issuance,941001,Trebic,south Moravia,117897,139,28,5,1,6,53.8,8814,4.76,5.74,107,2112.0,2059,680413,M,Trebic,south Moravia,117897,139,28,5,1,6,53.8,8814,4.76,5.74,107,2112.0,2059,36480.18503401361,81705.8,1000.0,15469.98811296421,1.0
6294,950212,79920,60,1332,1,monthly issuance,931126,Plzen - mesto,west Bohemia,170449,0,0,0,1,1,100.0,10787,2.64,3.09,131,6041.0,6261,530405,M,Plzen - mesto,west Bohemia,170449,0,0,0,1,1,100.0,10787,2.64,3.09,131,6041.0,6261,43846.977894736854,74199.5,700.0,11483.013284673823,1.0
6676,950613,29784,24,1241,1,monthly issuance,950208,Plzen - mesto,west Bohemia,170449,0,0,0,1,1,100.0,10787,2.64,3.09,131,6041.0,6261,691225,F,Plzen - mesto,west Bohemia,170449,0,0,0,1,1,100.0,10787,2.64,3.09,131,6041.0,6261,27626.083333333332,49220.3,200.0,13131.977125726577,1.0
5350,960421,249312,48,5194,1,weekly issuance,950213,Plzen - mesto,west Bohemia,170449,0,0,0,1,1,100.0,10787,2.64,3.09,131,6041.0,6261,550521,M,Plzen - mesto,west Bohemia,170449,0,0,0,1,1,100.0,10787,2.64,3.09,131,6041.0,6261,35914.85499999998,88597.4,900.0,23021.041061237753,1.0
6169,950316,103680,60,1728,-1,monthly issuance,930720,Havlickuv Brod,east Bohemia,95907,87,25,5,2,7,59.1,8388,2.41,2.94,87,1658.0,1668,710624,M,Havlickuv Brod,east Bohemia,95907,87,25,5,2,7,59.1,8388,2.41,2.94,87,1658.0,1668,28250.109174311918,46520.1,500.0,9371.387579711682,1.0
5999,960103,98832,48,2059,1,monthly issuance,940206,Havlickuv Brod,east Bohemia,95907,87,25,5,2,7,59.1,8388,2.41,2.94,87,1658.0,1668,700910,F,Havlickuv Brod,east Bohemia,95907,87,25,5,2,7,59.1,8388,2.41,2.94,87,1658.0,1668,31814.268361581893,63095.4,500.0,12078.551019731876,1.0
5208,950316,99696,48,2077,-1,monthly issuance,930608,Klatovy,west Bohemia,88757,60,33,3,2,10,61.7,8554,2.47,2.68,113,1822.0,2218,710625,F,Znojmo,south Moravia,114200,101,41,4,1,4,43.7,8403,5.74,5.72,105,2157.0,2718,46341.29351851855,127684.9,-974.6,28762.20693605066,-1.0
5453,950401,156672,36,4352,1,monthly issuance,940225,Plzen - sever,west Bohemia,72541,66,26,10,0,8,36.9,8594,1.62,2.01,112,1580.0,1525,560425,F,Plzen - sever,west Bohemia,72541,66,26,10,0,8,36.9,8594,1.62,2.01,112,1580.0,1525,22927.50266666666,41876.9,500.0,6686.145590252045,1.0
5310,950428,248148,36,6893,1,monthly issuance,931211,Plzen - sever,west Bohemia,72541,66,26,10,0,8,36.9,8594,1.62,2.01,112,1580.0,1525,400724,F,Plzen - sever,west Bohemia,72541,66,26,10,0,8,36.9,8594,1.62,2.01,112,1580.0,1525,36063.78833333333,67486.0,600.0,10761.578895609018,1.0
5311,960615,30060,60,501,1,monthly issuance,940903,Plzen - sever,west Bohemia,72541,66,26,10,0,8,36.9,8594,1.62,2.01,112,1580.0,1525,510906,M,Plzen - sever,west Bohemia,72541,66,26,10,0,8,36.9,8594,1.62,2.01,112,1580.0,1525,37213.40752688173,69382.9,500.0,11270.50374587014,1.0
5693,950801,44088,24,1837,1,monthly issuance,941208,Nymburk,central Bohemia,81344,61,23,4,2,6,55.3,8899,3.39,3.97,149,2987.0,2487,510625,F,Nymburk,central Bohemia,81344,61,23,4,2,6,55.3,8899,3.39,3.97,149,2987.0,2487,36548.818750000006,55576.8,1000.0,11906.808161813044,1.0
5922,950805,20220,12,1685,1,monthly issuance,940827,Nymburk,central Bohemia,81344,61,23,4,2,6,55.3,8899,3.39,3.97,149,2987.0,2487,730515,F,Nymburk,central Bohemia,81344,61,23,4,2,6,55.3,8899,3.39,3.97,149,2987.0,2487,41077.63529411763,122906.7,500.0,25420.727566030233,1.0
6644,961020,93600,24,3900,1,monthly issuance,951217,Nymburk,central Bohemia,81344,61,23,4,2,6,55.3,8899,3.39,3.97,149,2987.0,2487,720623,M,Nymburk,central Bohemia,81344,61,23,4,2,6,55.3,8899,3.39,3.97,149,2987.0,2487,40078.70727272728,96108.3,900.0,21469.63034026725,1.0
5959,950811,107640,24,4485,1,monthly issuance,950213,Benesov,central Bohemia,88884,80,26,6,2,5,46.7,8507,1.67,1.85,132,2159.0,2674,591122,F,Benesov,central Bohemia,88884,80,26,6,2,5,46.7,8507,1.67,1.85,132,2159.0,2674,50214.50434782608,107783.7,600.0,22727.670225229827,1.0
6726,950903,85860,60,1431,1,monthly issuance,940629,Benesov,central Bohemia,88884,80,26,6,2,5,46.7,8507,1.67,1.85,132,2159.0,2674,551020,F,Benesov,central Bohemia,88884,80,26,6,2,5,46.7,8507,1.67,1.85,132,2159.0,2674,30461.404166666674,44713.5,1000.0,7824.866629042194,1.0
6535,951102,41952,12,3496,1,monthly issuance,940903,Hradec Kralove,east Bohemia,161854,73,21,6,1,6,76.3,9425,1.72,2.5,125,4085.0,3891,721210,M,Hradec Kralove,east Bohemia,161854,73,21,6,1,6,76.3,9425,1.72,2.5,125,4085.0,3891,41502.02571428571,71527.0,500.0,13263.34875170779,1.0
6130,960718,32640,48,680,1,monthly issuance,950324,Hradec Kralove,east Bohemia,161854,73,21,6,1,6,76.3,9425,1.72,2.5,125,4085.0,3891,421015,M,Hradec Kralove,east Bohemia,161854,73,21,6,1,6,76.3,9425,1.72,2.5,125,4085.0,3891,25906.409345794407,43206.0,300.0,7545.466318441957,1.0
6006,961115,359760,60,5996,1,monthly issuance,950729,Hradec Kralove,east Bohemia,161854,73,21,6,1,6,76.3,9425,1.72,2.5,125,4085.0,3891,790531,M,Hradec Kralove,east Bohemia,161854,73,21,6,1,6,76.3,9425,1.72,2.5,125,4085.0,3891,32434.693749999988,127807.6,900.0,24143.874396857616,1.0
6545,951212,191880,60,3198,1,monthly issuance,950315,Tabor,south Bohemia,103347,87,16,7,1,7,67.0,9104,1.51,2.07,123,2299.0,2354,490308,M,Tabor,south Bohemia,103347,87,16,7,1,7,67.0,9104,1.51,2.07,123,2299.0,2354,53685.786206896504,128539.4,400.0,26747.651934377307,1.0
6501,960429,30276,12,2523,-1,monthly issuance,950407,Tabor,south Bohemia,103347,87,16,7,1,7,67.0,9104,1.51,2.07,123,2299.0,2354,390423,F,Tabor,south Bohemia,103347,87,16,7,1,7,67.0,9104,1.51,2.07,123,2299.0,2354,31318.87282608695,58621.4,1000.0,12216.346327059498,1.0
4961,960429,30276,12,2523,-1,monthly issuance,950407,Tabor,south Bohemia,103347,87,16,7,1,7,67.0,9104,1.51,2.07,123,2299.0,2354,390423,F,Tabor,south Bohemia,103347,87,16,7,1,7,67.0,9104,1.51,2.07,123,2299.0,2354,25197.092500000002,58157.5,715.0,15039.248404932325,1.0
6043,960111,20352,48,424,1,monthly issuance,950403,Jihlava,south Moravia,109164,98,16,6,1,4,63.6,8757,3.38,3.95,96,2212.0,2471,480305,F,Jihlava,south Moravia,109164,98,16,6,1,4,63.6,8757,3.38,3.95,96,2212.0,2471,31814.414583333335,44427.9,400.0,9092.645216549368,1.0
5482,960112,165120,60,2752,1,monthly issuance,940521,Trutnov,east Bohemia,121947,37,28,7,3,11,70.5,8541,2.51,2.97,131,3496.0,3839,500318,F,Trutnov,east Bohemia,121947,37,28,7,3,11,70.5,8541,2.51,2.97,131,3496.0,3839,24377.37155172414,37946.3,1100.0,6878.83656641474,1.0
5128,960411,215616,48,4492,-1,monthly issuance,950613,Jesenik,north Moravia,42821,4,13,5,1,3,48.4,8173,3.1193421052631565,7.01,124,4850.315789473684,1358,570217,M,Jesenik,north Moravia,42821,4,13,5,1,3,48.4,8173,3.1193421052631565,7.01,124,4850.315789473684,1358,21447.624590163938,50124.8,-3424.6,13056.987306542755,-1.0
5282,960824,388512,48,8094,-1,issuance after transaction,941117,Jesenik,north Moravia,42821,4,13,5,1,3,48.4,8173,3.1193421052631565,7.01,124,4850.315789473684,1358,690313,F,Jesenik,north Moravia,42821,4,13,5,1,3,48.4,8173,3.1193421052631565,7.01,124,4850.315789473684,1358,21371.320000000003,84743.5,-2838.8,21196.68213173265,-1.0
6613,960922,84120,24,3505,1,weekly issuance,960609,Jesenik,north Moravia,42821,4,13,5,1,3,48.4,8173,3.1193421052631565,7.01,124,4850.315789473684,1358,500302,F,Jesenik,north Moravia,42821,4,13,5,1,3,48.4,8173,3.1193421052631565,7.01,124,4850.315789473684,1358,56910.68947368423,89570.9,900.0,24271.624057983947,1.0
5892,960514,66480,24,2770,-1,weekly issuance,951227,Opava,north Moravia,182027,17,49,12,2,7,56.4,8746,3.33,3.74,90,4355.0,4433,350721,M,Opava,north Moravia,182027,17,49,12,2,7,56.4,8746,3.33,3.74,90,4355.0,4433,34798.28,77551.0,900.0,21490.626462964417,1.0
5415,960926,139464,36,3874,-1,monthly issuance,950827,Opava,north Moravia,182027,17,49,12,2,7,56.4,8746,3.33,3.74,90,4355.0,4433,580812,M,Opava,north Moravia,182027,17,49,12,2,7,56.4,8746,3.33,3.74,90,4355.0,4433,31532.748387096784,65062.8,300.0,12989.781215090348,1.0
5148,960529,284280,60,4738,1,monthly issuance,941115,Litomerice,north Bohemia,114006,71,26,6,2,9,62.3,9065,4.46,5.39,123,4147.0,4166,580915,F,Litomerice,north Bohemia,114006,71,26,6,2,9,62.3,9065,4.46,5.39,123,4147.0,4166,64182.64148936168,109361.9,300.0,20167.802429516258,1.0
6667,960715,155880,24,6495,1,monthly issuance,941013,Litomerice,north Bohemia,114006,71,26,6,2,9,62.3,9065,4.46,5.39,123,4147.0,4166,681030,F,Litomerice,north Bohemia,114006,71,26,6,2,9,62.3,9065,4.46,5.39,123,4147.0,4166,63263.1471830986,164648.6,1000.0,26666.145799399852,1.0
5741,961103,68544,24,2856,1,weekly issuance,960219,Litomerice,north Bohemia,114006,71,26,6,2,9,62.3,9065,4.46,5.39,123,4147.0,4166,760916,M,Litomerice,north Bohemia,114006,71,26,6,2,9,62.3,9065,4.46,5.39,123,4147.0,4166,44948.625925925924,94207.7,900.0,20196.074070744868,1.0
5445,960629,46320,24,1930,1,monthly issuance,950102,Decin,north Bohemia,133777,24,17,7,3,11,84.7,8705,5.75,7.61,116,4650.0,4859,790214,M,Decin,north Bohemia,133777,24,17,7,3,11,84.7,8705,5.75,7.61,116,4650.0,4859,43657.81348314612,119892.5,900.0,20752.088935048898,1.0
6751,960714,85716,36,2381,1,monthly issuance,960212,Pelhrimov,south Bohemia,74062,99,15,4,2,7,61.4,8114,2.38,2.62,119,1003.0,1181,380503,M,Pelhrimov,south Bohemia,74062,99,15,4,2,7,61.4,8114,2.38,2.62,119,1003.0,1181,31337.257894736842,52782.7,800.0,12288.06300721313,1.0
6296,960806,270384,48,5633,1,monthly issuance,950527,Beroun,central Bohemia,75232,55,26,4,1,5,41.7,8980,1.95,2.21,111,2824.0,2813,620407,M,Beroun,central Bohemia,75232,55,26,4,1,5,41.7,8980,1.95,2.21,111,2824.0,2813,47654.244827586204,91294.4,700.0,18202.539793038584,1.0
7246,960820,148920,60,2482,1,weekly issuance,960201,Kromeriz,south Moravia,108871,41,29,7,2,6,62.1,8444,3.24,3.47,106,2595.0,2305,770803,M,Kromeriz,south Moravia,108871,41,29,7,2,6,62.1,8444,3.24,3.47,106,2595.0,2305,32435.319354838713,63289.9,400.0,15220.65126336407,1.0
5606,960828,253512,36,7042,-1,weekly issuance,960128,Kromeriz,south Moravia,108871,41,29,7,2,6,62.1,8444,3.24,3.47,106,2595.0,2305,450807,F,Kromeriz,south Moravia,108871,41,29,7,2,6,62.1,8444,3.24,3.47,106,2595.0,2305,37095.84482758621,111044.2,300.0,24704.38501837544,1.0
7036,960925,194940,36,5415,1,monthly issuance,950615,Mlada Boleslav,central Bohemia,112065,95,19,7,1,8,69.4,11277,1.25,1.44,127,5179.0,4987,641030,M,Mlada Boleslav,central Bohemia,112065,95,19,7,1,8,69.4,11277,1.25,1.44,127,5179.0,4987,56669.787912087864,138172.6,600.0,35314.527844842916,1.0
6015,961109,110112,24,4588,1,monthly issuance,951215,Blansko,south Moravia,107911,88,33,6,2,7,50.9,8240,2.53,3.56,99,1850.0,1903,631012,M,Blansko,south Moravia,107911,88,33,6,2,7,50.9,8240,2.53,3.56,99,1850.0,1903,76232.69999999998,135658.1,700.0,28391.569085736064,1.0
