,account_id,balance_mean,balance_max,balance_min,balance_std,reached_negative_balance,amount_mean,amount_max,amount_min
0,25,62991.264634146355,119652.7,900.0,22476.34797977519,1.0,192.8164634146342,49734.0,-62900.0
1,37,39953.97068965517,104761.5,-1011.2,23451.647180035612,-1.0,141.10258620689663,47785.0,-43200.0
2,38,31383.44909090908,55991.1,13841.0,10950.811532854588,1.0,680.3036363636363,20762.0,-16800.0
3,97,33057.37457627117,60334.7,900.0,12670.953546334435,1.0,343.3584745762712,26892.0,-18600.0
4,103,46266.57469879516,116038.4,379.0,28827.091843999817,1.0,240.70361445783143,48308.0,-53500.0
5,105,30797.48750000002,74693.6,800.0,16415.401618181768,1.0,538.8464285714288,49101.0,-29900.0
6,110,46148.29761904762,79652.2,900.0,12673.331275508795,1.0,661.1880952380952,35157.0,-23000.0
7,176,48780.09599999997,111282.3,800.0,24959.84482257202,1.0,483.74666666666656,47395.0,-61900.0
8,226,48376.25806451618,80433.2,1000.0,12283.907153443406,1.0,716.7451612903228,28588.0,-23400.0
9,276,51649.39830508474,74906.0,700.0,16029.13829426651,1.0,819.0677966101696,40234.0,-24800.0
10,303,44659.649612403126,68401.9,900.0,11387.127112028214,1.0,379.20000000000005,23108.0,-35360.0
11,309,30173.124242424197,59725.7,900.0,10956.883405561994,1.0,150.16969696969684,28726.0,-25400.0
12,314,38819.3202127659,109016.3,700.0,18712.608852566686,1.0,241.21808510638314,55346.0,-59900.0
13,319,48648.40116959066,110827.3,700.0,19732.115097790942,1.0,348.21461988304094,47415.0,-25000.0
14,330,42007.3663366337,73943.0,400.0,13202.104146796277,1.0,549.4544554455447,33590.0,-27040.0
15,339,59623.21607142851,127425.3,400.0,25407.637815788737,1.0,850.3080357142857,70210.0,-40100.0
16,349,17076.756470588232,31616.5,1100.0,5320.731429813168,1.0,219.95882352941177,10486.0,-8400.0
17,378,79500.53809523817,145352.1,20574.0,22324.051660436133,1.0,293.31726190476195,48038.0,-59900.0
18,440,25727.38235294116,50218.4,500.0,8961.646333139915,1.0,465.0152941176471,24694.5,-18700.0
19,442,5350.0,10100.0,600.0,6717.514421272202,1.0,5050.0,9500.0,600.0
20,472,58669.50434782607,113888.0,300.0,28112.217725030616,1.0,1659.3999999999999,73802.0,-49800.0
21,525,45912.39999999998,121135.2,300.0,21519.72175583645,1.0,787.7711864406781,48984.0,-28400.0
22,666,41922.04671052631,57779.4,200.0,9731.975450036934,1.0,358.96184210526314,21987.0,-20160.0
23,675,29946.99523809524,43627.3,900.0,7804.900729996323,1.0,275.9396825396825,14307.0,-14400.0
24,718,40141.795454545456,105970.4,500.0,22283.583719396145,1.0,538.6954545454547,49059.0,-49800.0
25,785,51641.83333333336,93801.3,700.0,19462.1957930411,1.0,862.7848484848485,39022.0,-20400.0
26,825,33129.40307692306,65121.6,500.0,14034.728710026884,1.0,324.0892307692308,23817.0,-14700.0
27,873,21491.790625,39315.6,1000.0,8412.096210563914,1.0,303.0875,10416.0,-7100.0
28,938,23066.613333333335,31277.6,700.0,8114.044262605659,1.0,2085.173333333333,12600.0,-4500.0
29,993,50883.196874999994,112610.8,1000.0,21193.141301590862,1.0,645.9156249999999,47615.0,-48400.0
30,1004,64193.404729729744,143846.4,200.0,29366.481591170148,1.0,149.62770270270275,49834.0,-62100.0
31,1068,34086.208955223905,96491.4,1000.0,18873.407739340768,1.0,362.71194029850767,46619.0,-34800.0
32,1083,28050.29918699188,48735.9,400.0,9147.726880698385,1.0,173.27723577235767,17388.0,-19200.0
33,1093,47433.42058823526,121006.5,1000.0,24768.348086833772,1.0,507.242156862745,72206.0,-42800.0
34,1242,40526.45500000001,131453.2,200.0,22589.55955533159,1.0,518.0350000000001,45043.0,-59100.0
35,1244,22981.055932203373,34278.5,900.0,6022.073345711425,1.0,299.3610169491526,7842.0,-7200.0
36,1252,40688.348305084764,78468.6,1000.0,13220.371518330696,1.0,222.22288135593215,37032.0,-25800.0
37,1270,24872.139436619724,45989.0,500.0,8273.729769931522,1.0,467.2887323943662,18696.0,-13400.0
38,1284,59684.298850574756,120419.7,1000.0,22496.238340889686,1.0,471.6689655172416,49972.0,-43000.0
39,1318,27729.91714285714,70887.8,200.0,15360.768047385516,1.0,391.27142857142877,29159.0,-25400.0
40,1329,25967.495238095245,44667.0,500.0,7748.942858772758,1.0,302.9746031746032,17642.0,-11200.0
41,1374,59749.88387096777,126403.5,700.0,25629.23233367527,1.0,1270.4822580645164,72966.0,-57700.0
42,1389,48989.182474226815,117375.0,800.0,29467.266709569773,1.0,178.07525773195874,48868.0,-60900.0
43,1407,71376.04415584418,143696.8,800.0,25109.194803138784,1.0,547.4324675324675,48743.0,-64700.0
44,1447,22604.339999999997,38628.6,300.0,11029.074077606576,1.0,2994.27,12508.0,-8800.0
45,1480,55026.619999999995,132024.9,800.0,25548.054001677494,1.0,551.1022222222222,46499.0,-58800.0
46,1498,45342.20442477874,116112.4,413.3,26937.966875153274,1.0,383.75486725663717,46160.0,-48000.0
47,1528,32688.03333333335,57550.1,500.0,11262.531250822685,1.0,492.2038461538461,27111.0,-18100.0
48,1580,51370.48059701492,134156.7,400.0,27095.340184743745,1.0,505.5432835820895,48954.0,-63100.0
49,1638,45735.83829787233,92048.9,900.0,19455.069880262385,1.0,503.2468085106383,43958.0,-33600.0
50,1656,34760.22890624997,78411.8,500.0,14092.49645727441,1.0,293.7546875,35589.0,-23200.0
51,1718,61146.52363636361,126478.3,300.0,22317.59647813194,1.0,1319.3472727272729,65892.0,-60600.0
52,1776,36159.70555555555,62263.4,400.0,10229.963510981177,1.0,696.6537037037037,20504.0,-17000.0
53,1808,69656.36923076928,118267.7,400.0,23107.00303929529,1.0,232.16666666666703,46716.0,-61900.0
54,1819,28370.441666666648,82795.9,700.0,16621.386656707095,1.0,228.80416666666667,48125.0,-30600.0
55,1869,61295.96915887854,100074.6,500.0,18670.113397526347,1.0,681.4514018691589,36996.0,-31400.0
56,1876,44982.422727272715,74276.7,900.0,14572.50422362709,1.0,871.2772727272728,26991.0,-45440.0
57,1888,36887.15600000001,78725.3,-5851.2,21128.24745081896,-1.0,200.2199999999999,43260.0,-29100.0
58,1906,51453.80112359549,127317.0,1000.0,23458.49848134368,1.0,581.1044943820226,49785.0,-38800.0
59,1928,29645.32017543859,52896.1,500.0,11976.126777776568,1.0,337.2745614035088,20858.0,-23522.0
60,2000,44617.08095238093,62178.2,900.0,10915.899465187957,1.0,635.5833333333333,28840.0,-19520.0
61,2018,20231.313157894747,31302.0,900.0,4462.7098520155505,1.0,122.75789473684205,8800.0,-5400.0
62,2035,47164.91871345022,87431.8,400.0,16696.592829496698,1.0,213.00233918128652,44084.0,-26500.0
63,2051,53227.14444444442,132818.3,-2804.8,34779.117445551805,-1.0,-2.2766666666669253,47725.0,-40100.0
64,2055,14873.378082191783,36763.1,700.0,7753.09729972205,1.0,158.6972602739726,15400.0,-12200.0
65,2064,29052.608823529412,51781.0,500.0,9815.036532338121,1.0,935.7264705882353,20904.0,-15400.0
66,2073,41154.27910447759,65663.5,600.0,12074.395888828676,1.0,585.7776119402985,25912.5,-40000.0
67,2080,62852.91764705884,112408.8,400.0,30947.281583307828,1.0,5089.064705882353,73970.0,-63100.0
68,2116,42291.185576923126,131664.2,1000.0,20423.924476420485,1.0,447.0105769230771,45358.0,-55600.0
69,2134,42536.88536585362,56308.4,300.0,12304.33031896822,1.0,1124.1487804878047,18980.0,-11300.0
70,2142,40311.637037037035,68151.2,1000.0,15155.251505035578,1.0,1029.9259259259256,27285.0,-15900.0
71,2165,42902.40714285715,67058.7,800.0,21203.475509252803,1.0,4789.9071428571415,29474.0,-18600.0
72,2187,64144.50223880596,172962.5,300.0,28468.555790705144,1.0,479.7343283582089,48562.0,-63600.0
73,2246,44265.272972972954,140706.0,700.0,33832.07369901993,1.0,364.3378378378378,48667.0,-47600.0
74,2247,45374.64242424237,145620.3,600.0,27825.78498180585,1.0,172.7696969696969,43021.0,-62200.0
75,2262,64923.16274509807,141146.2,200.0,28758.362704416966,1.0,310.17777777777775,49535.0,-58400.0
76,2279,53094.364485981314,99692.3,600.0,21446.09361167235,1.0,403.18411214953284,59007.0,-39700.0
77,2334,31897.432978723406,53030.3,600.0,9079.326169130602,1.0,438.10957446808504,18117.0,-13400.0
78,2335,12006.39655172414,51160.5,-17030.4,14745.17261090239,-1.0,36.5568965517241,20988.0,-13300.0
79,2350,56388.810714285726,105953.6,600.0,27438.996903789637,1.0,1914.2321428571431,42869.0,-42000.0
80,2413,28597.886206896535,46705.2,500.0,9101.802812272446,1.0,535.5431034482758,23582.0,-20800.0
81,2445,49740.62371134022,131276.2,800.0,29394.41305758196,1.0,153.00000000000023,47819.0,-64500.0
82,2516,36161.021568627424,66125.9,300.0,12819.231108548658,1.0,595.8401960784315,23832.0,-13600.0
83,2545,22133.735454545462,47281.2,1100.0,11407.190986049882,1.0,79.15636363636364,14146.0,-12500.0
84,2622,31673.89692307695,57858.4,300.0,10787.938569689824,1.0,306.5192307692308,15902.0,-10400.0
85,2699,54598.83888888888,122436.6,300.0,22041.38307704003,1.0,315.3138888888889,67348.0,-54100.0
86,2720,69554.29230769232,144694.2,200.0,29245.77681846743,1.0,825.9197802197801,49960.0,-59500.0
87,2725,49145.70758620688,74473.4,1100.0,11919.240676953812,1.0,343.83241379310346,30375.0,-43520.0
88,2728,49909.15555555556,94694.7,400.0,17920.616361157878,1.0,349.83650793650776,45976.0,-33800.0
89,2753,33039.89252336446,69031.9,700.0,12534.7169396787,1.0,165.84205607476633,33032.0,-24200.0
90,2754,43629.436082474254,123335.2,500.0,22466.55557488075,1.0,307.7402061855669,62868.0,-38900.0
91,2872,24411.294230769232,49189.6,200.0,10874.530318934103,1.0,243.32692307692304,18224.0,-13200.0
92,2910,48935.43584905661,101929.2,900.0,24396.939772447302,1.0,641.7981132075472,65622.0,-44500.0
93,2936,20942.594354838693,39172.5,200.0,7160.246306640331,1.0,209.49516129032259,11500.0,-10400.0
94,2982,63500.40697674404,124519.7,900.0,21550.69725865508,1.0,371.6400000000001,73128.0,-63700.0
95,2986,47061.86000000004,72489.8,500.0,12246.407730001189,1.0,512.5103703703705,35143.5,-23800.0
96,2988,51249.12985074621,148386.3,900.0,31799.726667340994,1.0,215.17611940298508,49324.0,-55000.0
97,3005,48798.69772727273,120714.8,600.0,28087.26339722942,1.0,527.2636363636365,47025.0,-48500.0
98,3137,39822.71111111109,76509.7,900.0,13798.585863209366,1.0,339.98981481481485,38038.0,-25900.0
99,3143,31685.0991150443,49093.0,300.0,8392.4630653204,1.0,386.2646017699115,12000.0,-7300.0
100,3161,46609.34854368933,107744.0,700.0,24793.34282587852,1.0,919.6155339805823,43783.0,-34800.0
101,3229,60289.95441176469,134678.1,300.0,24639.67762407818,1.0,260.45588235294133,49768.0,-58400.0
102,3249,28809.00000000001,63669.3,1100.0,14323.747992896273,1.0,322.1784313725491,30993.0,-21200.0
103,3273,48061.856716417926,133407.7,600.0,26359.1906222577,1.0,177.69626865671626,74642.0,-78900.0
104,3293,58466.19366197185,132186.8,1100.0,22606.367014781055,1.0,405.85492957746476,69018.0,-46900.0
105,3329,36065.975000000006,60870.3,200.0,11241.91000447264,1.0,603.2708333333334,28093.5,-23680.0
106,3353,44355.04090909092,90387.4,200.0,16699.810596406947,1.0,2046.3954545454546,44258.0,-35100.0
107,3390,48478.59067796606,75484.9,1100.0,12051.539852408314,1.0,414.67203389830513,30470.0,-20865.0
108,3403,54293.592405063326,119933.3,700.0,21993.073666869568,1.0,539.6164556962027,48698.0,-31600.0
109,3418,61345.09999999997,123573.3,400.0,28117.508578938257,1.0,796.2396551724138,48009.0,-56700.0
110,3448,36855.82328767125,72649.2,700.0,15663.92869407041,1.0,501.95205479452056,48806.0,-26600.0
111,3455,46016.198245614025,92407.6,600.0,19927.134835323803,1.0,1040.5456140350877,50602.0,-36800.0
112,3460,57514.347058823594,144580.4,300.0,27755.30323498723,1.0,316.04235294117643,48538.0,-40700.0
113,3556,34822.46896551724,64669.5,1100.0,11111.77862866237,1.0,318.4597701149425,26224.0,-18641.0
114,3562,58926.411188811195,159286.4,1000.0,27760.093299654232,1.0,498.20000000000005,49720.0,-52200.0
115,3637,51802.01923076924,75383.2,400.0,10744.592560408062,1.0,331.9551282051282,23964.0,-19040.0
116,3664,62387.08999999997,115112.9,800.0,27465.733061554183,1.0,1026.6866666666672,48039.0,-39600.0
117,3711,45410.14999999999,103750.1,400.0,26778.69846068326,1.0,737.0615384615386,49137.0,-31200.0
118,3859,44484.075000000026,142668.1,200.0,32135.847571582613,1.0,147.70147058823562,49725.0,-61400.0
119,3862,56133.65266272179,143676.5,600.0,27409.199321841064,1.0,257.1307692307692,49627.0,-59600.0
120,3875,58031.62727272727,100675.4,1100.0,30735.93571496045,1.0,9152.30909090909,57723.0,-36700.0
121,3906,64863.954285714295,92028.2,1100.0,22167.03882129743,1.0,1426.974285714286,50196.0,-35300.0
122,3907,42220.02946428572,133750.5,600.0,33144.90770317255,1.0,89.16339285714255,49440.0,-49800.0
123,3916,21298.780000000006,50063.3,800.0,11014.437192232277,1.0,244.48727272727274,24243.0,-21000.0
124,3942,57995.119047619,151251.4,600.0,31107.147272807957,1.0,727.6857142857143,48282.0,-41200.0
125,3953,59128.587499999994,109399.2,500.0,21405.491501884702,1.0,1363.6000000000004,47679.0,-56900.0
126,3967,41766.69375,105258.8,900.0,28843.33189907088,1.0,528.6156249999998,46979.0,-35000.0
127,4033,29824.12499999999,48781.6,1000.0,12770.284101070167,1.0,3115.125,18368.0,-11400.0
128,4052,36071.942307692305,76251.4,900.0,15711.303814237475,1.0,982.6019230769232,28472.0,-50700.0
129,4099,38559.26407766989,56921.0,800.0,10181.211719891966,1.0,359.8961165048543,27216.0,-15900.0
130,4116,66345.6825,110723.2,1000.0,28183.949451379078,1.0,1478.1725000000001,48480.0,-42800.0
131,4127,26649.7703125,92354.7,-1571.5,22080.25606315519,-1.0,-24.553125000000193,45402.0,-34500.0
132,4144,49635.71543624161,119287.7,1100.0,23435.838013657525,1.0,357.1979865771812,49145.0,-61900.0
133,4190,34044.42954545456,51008.0,700.0,7073.196837254752,1.0,235.97897727272724,16557.0,-15680.0
134,4268,37122.39612403098,57965.7,200.0,10838.574904013287,1.0,449.23488372093027,16700.0,-33280.0
135,4293,49558.68571428572,119068.0,500.0,29113.13867282119,1.0,1693.2938775510204,44764.0,-63500.0
136,4320,53636.37471264365,158633.6,-2542.1,32197.490915176,-1.0,741.72183908046,49781.0,-56300.0
137,4342,56496.391366906486,120586.5,700.0,21125.219655712426,1.0,395.8546762589928,48666.0,-63800.0
138,4354,49281.738888888845,112775.8,1000.0,25697.52109128029,1.0,472.51269841269857,48563.0,-37500.0
139,4361,77525.11692307693,130981.4,700.0,23284.240690745162,1.0,1201.8415384615382,67614.0,-44900.0
140,4415,44234.82947368418,73209.0,600.0,12482.603185529075,1.0,185.84368421052625,36486.0,-20160.0
141,4456,76826.46397058829,141990.0,700.0,26697.237226240733,1.0,272.63529411764716,49368.0,-39400.0
142,4467,28459.645238095247,48830.7,300.0,10103.07827153786,1.0,342.9071428571429,21550.0,-27900.0
143,4473,54520.20224719103,88246.7,800.0,13768.555213741873,1.0,556.7258426966291,36637.5,-30000.0
144,4533,67815.17450980392,127543.0,200.0,26169.159052547668,1.0,1290.2,48449.0,-62500.0
145,4550,23137.19054054052,32515.7,700.0,4868.0898129165225,1.0,285.38513513513516,12945.0,-8100.0
146,4616,58360.68125,89595.1,1000.0,27018.401437124758,1.0,4213.78125,32030.0,-20300.0
147,4618,51945.21627906974,115744.9,1100.0,29659.976520853586,1.0,291.90697674418567,47553.0,-56600.0
148,4626,45807.11428571428,102499.5,700.0,28832.37620775923,1.0,272.56825396825406,49787.0,-42700.0
149,4631,42728.93157894736,74816.0,800.0,13891.271413336686,1.0,1312.5631578947368,32823.0,-22500.0
150,4660,57324.072222222225,83932.6,800.0,22980.88893232312,1.0,3002.5333333333333,31480.0,-27400.0
151,4681,37092.94552238804,73289.5,16399.9,11884.310835362774,1.0,294.14477611940293,30492.0,-18400.0
152,4715,66376.84999999998,106189.2,400.0,30559.927764356165,1.0,5746.34375,68788.0,-43900.0
153,4725,40044.576,70585.8,700.0,17004.866389367293,1.0,1102.4199999999998,42068.0,-28100.0
154,4746,48890.17826086955,129449.6,200.0,26678.76298764374,1.0,3887.4260869565214,49675.0,-46400.0
155,4784,44366.05454545454,77123.8,400.0,22683.87797486857,1.0,7011.254545454546,29445.0,-20100.0
156,4794,26347.12441860464,49947.4,1100.0,9532.799947400628,1.0,200.86511627906978,24735.0,-16200.0
157,4803,23023.659090909085,32572.8,6620.0,6846.270074071337,1.0,516.8318181818181,6620.0,-6200.0
158,4858,38710.011363636375,100570.6,-6652.7,24477.12020606995,-1.0,186.38181818181818,62850.0,-37400.0
159,4863,50621.104938271616,103809.7,300.0,19389.253379687554,1.0,875.6000000000003,57063.0,-38900.0
160,4949,58959.27777777778,118790.4,400.0,22763.594806918914,1.0,1212.4755555555555,54358.0,-32700.0
161,4969,50892.0,92464.9,200.0,28282.838447204456,1.0,4951.8875,36791.0,-35000.0
162,4999,35478.661855670114,87236.0,300.0,17421.82984073336,1.0,264.5329896907216,41296.0,-27600.0
163,5072,56757.309589041135,82886.2,1100.0,14668.228535740514,1.0,529.8465753424658,35938.0,-21600.0
164,5118,30896.002666666693,49865.1,1100.0,8130.293496687232,1.0,237.41799999999998,12613.5,-15360.0
165,5133,46000.645348837184,103606.4,900.0,21829.525560071197,1.0,888.8662790697674,48032.0,-40600.0
166,5164,25150.97592592592,37212.7,6392.0,7025.3438828055705,1.0,318.7685185185185,9588.0,-5800.0
167,5180,32543.264705882353,71290.0,700.0,17349.904751286576,1.0,1622.7117647058822,49991.0,-32000.0
168,5181,42435.311666666654,85656.2,300.0,20693.64582442665,1.0,309.69166666666666,36305.0,-30200.0
169,5196,49309.00967741937,121592.6,300.0,26233.47447314029,1.0,1228.0580645161294,43125.0,-55100.0
170,5267,45330.919736842145,116311.7,-8657.3,32759.949396058637,-1.0,470.50526315789466,49950.0,-47700.0
171,5269,40841.79534883723,68584.8,500.0,15410.393720101682,1.0,570.6930232558138,30794.0,-16400.0
172,5283,65037.92923076927,121425.0,700.0,23103.489858350695,1.0,801.9307692307692,67833.0,-47400.0
173,5305,41135.010989010996,86334.9,600.0,18746.193751902756,1.0,114.52307692307699,45100.0,-34900.0
174,5317,31516.34615384616,51813.7,200.0,14090.87854509762,1.0,2812.769230769231,22544.0,-15400.0
175,5358,41735.42017543861,71564.8,500.0,11063.628902172537,1.0,404.8824561403508,36463.5,-33600.0
176,5362,37200.395945945944,82957.9,800.0,17835.976701595187,1.0,456.7837837837838,38037.0,-27300.0
177,5395,47679.97368421053,103426.7,400.0,21180.710272553,1.0,303.36000000000007,48437.0,-52400.0
178,5445,40292.341463414625,56765.7,1000.0,12443.954613806975,1.0,885.190243902439,19674.0,-13752.0
179,5477,59951.07517241381,142574.7,900.0,27491.43599769989,1.0,441.6268965517243,47998.0,-52700.0
180,5572,45160.51162790696,122247.8,800.0,26253.23495772164,1.0,319.9860465116281,49763.0,-38900.0
181,5591,44440.912676056316,74216.8,1000.0,13853.751836544185,1.0,548.0774647887324,33280.0,-21200.0
182,5602,44723.35581395347,139525.4,14855.3,35436.02935310035,1.0,232.3418604651162,49867.0,-61800.0
183,5698,57018.61744186047,124071.7,300.0,25880.047818299274,1.0,358.26744186046477,49853.0,-54500.0
184,5724,40175.61249999999,79286.6,200.0,15672.003046986596,1.0,259.96534090909097,43605.0,-29100.0
185,5837,54375.023076923106,140728.2,800.0,27185.841612047814,1.0,508.7549450549449,48515.0,-60100.0
186,5912,34785.53451327435,65517.7,1100.0,10154.957755537176,1.0,345.33982300884946,27692.0,-18513.0
187,5944,45921.19859154928,66220.2,1000.0,11738.935035032451,1.0,932.6802816901406,32116.0,-21600.0
188,6061,43197.28124999999,66177.3,1000.0,13377.630978738905,1.0,616.2149999999999,32125.5,-20900.0
189,6062,52905.40714285714,116394.1,700.0,19287.974928442763,1.0,370.8828571428571,56068.0,-44800.0
190,6075,14785.5858974359,29696.8,-1449.6,6609.171562045563,-1.0,137.99871794871788,9500.0,-9900.0
191,6083,52871.42441860464,135384.0,500.0,31203.091128034983,1.0,318.41162790697666,48724.0,-64000.0
192,6097,27419.850000000002,43947.8,1000.0,12688.119619442145,1.0,3137.316666666667,11300.0,-6300.0
193,6138,30181.317391304354,54658.1,200.0,11585.481244316574,1.0,748.0782608695654,25356.0,-21700.0
194,6157,54799.85662650605,110892.1,1000.0,24844.513821660534,1.0,241.6843373493977,42494.0,-63800.0
195,6158,23594.146666666667,31595.5,200.0,7544.802965794843,1.0,1599.3333333333333,16100.0,-5000.0
196,6265,69963.484057971,134714.0,200.0,26296.557277922628,1.0,847.7173913043479,49495.0,-58400.0
197,6440,60619.16000000002,121367.5,1100.0,27985.49346752569,1.0,2091.5425000000005,49784.0,-40800.0
198,6453,22935.072121212117,34557.9,300.0,5128.061515003216,1.0,175.97030303030297,9100.0,-10400.0
199,6461,52250.26119402984,111219.3,700.0,24634.96397161388,1.0,652.7955223880599,46089.0,-50600.0
200,6495,41026.331451612896,67027.5,500.0,10342.2705988922,1.0,264.46370967741933,27722.0,-12600.0
201,6505,42732.33611111113,92238.0,800.0,27353.589391304522,1.0,2561.7583333333346,38123.0,-27300.0
202,6510,61992.3,112175.5,900.0,25699.739128305202,1.0,1499.3971428571429,44561.0,-40500.0
203,6592,63544.645679012356,164909.5,300.0,30163.746045298525,1.0,752.551851851852,49094.0,-61600.0
204,6649,40047.083870967756,106481.5,1000.0,21019.117673829533,1.0,1255.0629032258064,46073.0,-49000.0
205,6678,61692.077519379825,135487.1,1100.0,26376.133504852813,1.0,365.22093023255815,49771.0,-63900.0
206,6686,41285.01833333332,84726.8,600.0,14317.074486709229,1.0,202.2541666666667,43684.0,-34200.0
207,6699,28863.03052631581,52868.8,400.0,9001.234613333385,1.0,411.3536842105263,23852.0,-15900.0
208,6706,44890.0333333333,67060.0,200.0,9089.012046897695,1.0,410.7734848484848,20107.5,-15200.0
209,6792,29906.53142857141,44504.8,400.0,8582.05650516463,1.0,582.4757142857143,17689.5,-12800.0
210,6856,25654.37837837838,103753.3,321.0,18425.108483153956,1.0,448.98918918918935,48295.0,-63000.0
211,6902,35987.26296296293,49729.2,900.0,8500.999900341789,1.0,329.46790123456793,15567.0,-11700.0
212,6922,46755.30576923077,95976.0,1100.0,22242.03424821573,1.0,461.1211538461539,52305.0,-33000.0
213,6950,40812.49166666667,70405.3,700.0,20009.13316715228,1.0,3875.4499999999994,34100.0,-23900.0
214,7045,54677.28095238095,102188.4,400.0,22227.416323644524,1.0,4866.114285714286,54138.0,-32000.0
215,7049,44813.42258064518,111650.4,600.0,28179.088478784044,1.0,1104.3709677419358,74278.0,-58700.0
216,7052,21532.34545454546,39052.7,300.0,11004.952725329047,1.0,3550.2363636363634,10660.0,-4500.0
217,7082,28548.3654135338,48106.2,900.0,7771.536283071564,1.0,223.41353383458645,17642.0,-11000.0
218,7099,42818.50295857986,90490.8,1000.0,18387.00464633477,1.0,392.21775147929003,43942.0,-35200.0
219,7156,50541.55312500001,79862.9,300.0,18485.312833217766,1.0,1858.0062500000001,30969.0,-25200.0
220,7176,42000.788888888885,72580.1,400.0,13429.797196148776,1.0,945.9499999999999,37200.0,-27000.0
221,7180,40126.968627450966,79967.9,700.0,16479.640950771136,1.0,704.694117647059,37408.0,-26500.0
222,7181,50265.361860465215,111451.1,600.0,22598.989371999254,1.0,355.87999999999994,47226.0,-58900.0
223,7240,28077.73140495869,56534.6,500.0,9880.246623423534,1.0,165.17851239669415,22821.0,-13600.0
224,7262,33927.08571428571,58294.8,900.0,12947.80948756529,1.0,1335.142857142857,25654.5,-20600.0
225,7274,49296.52272727273,105561.0,400.0,25514.535100547648,1.0,1144.581818181818,44748.0,-42600.0
226,7424,61588.337195121945,116439.0,900.0,22716.44010387417,1.0,169.79695121951227,49734.0,-62900.0
227,7437,30696.23818181819,55991.1,13026.6,11380.741722662879,1.0,629.0054545454547,20762.0,-16800.0
228,7542,27937.97837837838,45146.0,300.0,7850.94689272812,1.0,278.0144144144144,15914.0,-11400.0
229,7559,28534.93717948715,42247.1,900.0,7374.821969783562,1.0,488.72307692307686,9254.0,-4112.0
230,7565,33651.10360360358,65101.8,300.0,12123.17598214959,1.0,248.94864864864869,28780.0,-17900.0
231,7594,53546.70890052357,132087.5,1000.0,24632.060431052567,1.0,172.39999999999998,48126.0,-44000.0
232,7632,39297.33529411763,73025.1,1000.0,12622.47130473029,1.0,490.0705882352941,33225.0,-22900.0
233,7636,48865.984090909114,123072.0,700.0,24319.34488749796,1.0,177.68560606060612,49762.0,-60300.0
234,7637,44346.15625,77467.0,900.0,20389.130044150774,1.0,2767.375,36178.0,-26100.0
235,7674,60311.76666666668,105964.6,800.0,25093.34321090162,1.0,1070.969696969697,49353.0,-49400.0
236,7713,38280.102666666644,99990.9,600.0,18059.022445730505,1.0,418.692,45951.0,-35800.0
237,7721,39247.387500000004,80996.4,1000.0,18467.46455474465,1.0,1019.6535714285716,34095.0,-29400.0
238,7733,66051.94507042243,107275.7,200.0,20781.866701859115,1.0,520.2401408450704,64186.0,-38200.0
239,7745,37934.865624999984,122450.5,700.0,22908.162966375927,1.0,324.2218750000002,48633.0,-32000.0
240,7890,23918.494285714292,39445.1,300.0,6320.3789983858,1.0,285.75142857142856,9686.0,-6200.0
241,7894,58553.6771929824,133011.5,300.0,25207.977930295034,1.0,337.5192982456141,49910.0,-53000.0
242,7907,36685.09135802469,127421.2,200.0,24192.13051814679,1.0,248.71851851851852,47841.0,-48700.0
243,7957,50590.531999999934,155065.5,500.0,30497.265818290965,1.0,555.1382857142856,49432.0,-63700.0
244,7966,52777.3418604651,109736.4,500.0,27659.861928030838,1.0,602.1976744186048,46632.0,-55900.0
245,7990,64162.669178082266,144853.8,700.0,23329.24867891884,1.0,200.30958904109602,49815.0,-58100.0
246,7997,52422.49109589037,173151.0,400.0,30895.467289617925,1.0,655.0883561643835,47980.0,-56400.0
247,8026,47029.538888888885,75427.0,700.0,20089.417652823468,1.0,2684.6555555555556,35914.0,-24500.0
248,8038,55660.65578947368,81244.2,600.0,13977.180083878635,1.0,814.0389473684212,33024.0,-24700.0
249,8085,37448.404724409425,111670.7,600.0,22540.64719472977,1.0,165.78897637795274,48399.0,-51500.0
250,8094,60165.795,105524.2,600.0,24445.209943624304,1.0,2424.425,69012.0,-47800.0
251,8114,39110.67083333332,60868.8,600.0,10455.933721211135,1.0,223.60833333333332,27963.0,-21500.0
252,8158,65133.53584905664,115150.5,1000.0,20947.36382999832,1.0,783.388679245283,59676.0,-49300.0
253,8169,24067.298540145952,46398.6,700.0,7369.334427365256,1.0,117.07153284671531,16518.0,-12700.0
254,8225,31916.898260869566,56083.5,-214.8,15511.883282067598,-1.0,24.617391304347922,27154.0,-23289.0
255,8268,24946.635443037958,45336.9,400.0,7487.800518005649,1.0,369.4164556962025,19051.5,-14200.0
256,8320,40151.711764705884,70963.2,1100.0,16132.820182274483,1.0,2635.7823529411767,30967.0,-27900.0
257,8381,61748.70206185566,114446.1,500.0,26907.01300851919,1.0,1029.0278350515462,48318.0,-64800.0
258,8505,35642.19777777777,57767.4,1100.0,9970.089426002909,1.0,1283.72,22908.0,-17300.0
259,8523,53890.64326923074,104865.3,400.0,24474.845483946592,1.0,552.5759615384616,69780.0,-45200.0
260,8639,29159.441818181822,59523.5,400.0,11311.813505713117,1.0,392.1327272727273,27850.0,-19300.0
261,8645,26268.190000000002,59731.2,700.0,10061.74754535482,1.0,165.11583333333328,25394.0,-18600.0
262,8688,34806.92142857143,55705.9,400.0,13611.996793054312,1.0,3979.0,26454.0,-16800.0
263,8713,28620.397802197815,56839.2,400.0,11546.844223750082,1.0,300.8076923076923,25605.0,-19896.0
264,8742,32407.646875000013,61770.9,900.0,13829.31451712406,1.0,990.4062499999999,23496.0,-34880.0
265,8772,17535.77922077922,37880.4,800.0,9184.828049923844,1.0,91.99220779220781,16554.0,-11000.0
266,8784,45497.74206349206,96165.9,1100.0,15938.03881118303,1.0,418.79523809523795,55186.0,-37800.0
267,8919,20237.192592592604,33813.8,1000.0,6245.93412833056,1.0,339.2135802469136,9200.0,-5520.0
268,8926,36640.32207792207,61992.7,200.0,10665.19971885472,1.0,388.3155844155843,26384.0,-19200.0
269,8931,62765.86554621841,170682.8,200.0,34244.48654819336,1.0,220.70588235294136,48653.0,-63700.0
270,9031,46214.125,102693.8,900.0,27989.62982257298,1.0,4288.55625,46534.0,-25900.0
271,9037,32014.602808988817,62516.8,400.0,11317.701056486838,1.0,351.2202247191012,19533.0,-17200.0
272,9052,39870.41127819551,139580.2,-8245.1,26402.523065490066,-1.0,641.9203007518794,49067.0,-48700.0
273,9138,36907.37301587301,93792.7,-625.1,29722.5147466676,-1.0,25.08571428571431,44581.0,-26600.0
274,9140,23124.206611570247,53314.4,500.0,8941.444783681356,1.0,253.1760330578512,21014.0,-19600.0
275,9153,33782.06138613862,48645.0,600.0,7816.654293992667,1.0,370.6277227722772,12600.0,-5280.0
276,9156,29463.69090909091,69553.7,600.0,16549.38749817766,1.0,266.9878787878791,48983.0,-28700.0
277,9159,40349.88486238527,71208.5,700.0,10524.344981804674,1.0,326.6467889908258,24328.5,-16800.0
278,9167,39041.918750000026,104227.6,500.0,24359.757099878625,1.0,468.30875,48428.0,-39800.0
279,9179,37189.771951219525,74896.6,1000.0,12651.725211135927,1.0,463.45853658536595,32253.0,-26100.0
280,9201,48395.94017857145,106089.9,1000.0,20832.490600084413,1.0,248.8151785714285,64503.0,-68400.0
281,9208,33221.21157024794,70376.1,871.3,14676.807230906808,1.0,307.17603305785127,30794.0,-22239.0
282,9225,42341.637755102034,116637.5,600.0,19753.53991751057,1.0,238.99285714285702,49398.0,-40400.0
283,9227,18241.440000000006,28098.6,900.0,6812.897166080389,1.0,575.5566666666667,7500.0,-6500.0
284,9235,39962.46618705034,69424.9,700.0,10772.622802819164,1.0,295.2964028776978,23547.0,-17500.0
285,9241,49699.664814814845,89240.1,1100.0,16853.23091490183,1.0,1108.5703703703705,42783.0,-28000.0
286,9242,36729.80172413793,48344.0,200.0,9960.41027305306,1.0,732.7793103448275,11748.0,-9500.0
287,9263,30719.746666666648,64870.4,700.0,15914.15224494303,1.0,301.852,29685.0,-21100.0
288,9353,45805.499999999956,125455.0,900.0,25098.11791839791,1.0,908.1301587301588,49720.0,-39900.0
289,9377,55851.80263157897,111406.5,400.0,25907.897039549807,1.0,599.8585526315788,49312.0,-37000.0
290,9424,29077.81470588236,53379.4,500.0,10160.935911263663,1.0,918.4705882352941,20904.0,-15400.0
291,9433,41961.44925373131,65444.3,600.0,12613.77088609032,1.0,567.8164179104477,25912.5,-40000.0
292,9455,56102.474107142814,102667.1,1000.0,20395.42933231177,1.0,410.0375000000001,56212.0,-51900.0
293,9491,57411.608287292736,127323.7,800.0,22184.525067948405,1.0,542.7447513812152,65738.0,-50700.0
294,9494,23391.68913043479,40761.2,400.0,10577.341912266538,1.0,450.84999999999997,17136.0,-12100.0
295,9504,49678.366233766246,110020.6,700.0,19137.47549354965,1.0,887.8844155844158,55628.0,-56700.0
296,9513,31402.28372093025,54764.2,700.0,11502.504969878728,1.0,363.217441860465,30489.0,-23600.0
297,9560,38742.923809523796,88837.6,400.0,23121.177375382613,1.0,1839.7714285714287,44217.0,-35200.0
298,9631,29114.62258064515,67122.1,200.0,14649.678111363053,1.0,364.19354838709677,22292.0,-24204.0
299,9633,45016.69083333332,119012.4,-5525.0,28083.258524411067,-1.0,457.5766666666667,48601.0,-38900.0
300,9646,43095.511627907,111246.0,300.0,25143.863474987375,1.0,249.97906976744187,44680.0,-45700.0
301,9673,37386.856043956046,60161.5,1100.0,10470.008388378354,1.0,620.6329670329671,22052.0,-16884.0
302,9677,27522.8837837838,45836.3,500.0,9910.186691214738,1.0,699.4621621621621,20433.0,-12600.0
303,9730,29865.189743589748,42494.9,900.0,8523.994736371056,1.0,834.9948717948718,16041.0,-9800.0
304,9859,53217.729473684245,104169.8,400.0,20909.13085530915,1.0,778.1705263157896,45094.0,-28400.0
305,10005,51175.19230769228,87392.9,200.0,20060.060760158605,1.0,814.6692307692307,52688.0,-33900.0
306,10022,54315.558974358966,81063.2,400.0,14925.629654032198,1.0,1094.7205128205128,40884.0,-20500.0
307,10049,17625.444285714286,29167.6,300.0,6505.144392712536,1.0,213.28571428571425,8700.0,-9100.0
308,10063,54476.857142857174,105024.8,200.0,25141.67782753039,1.0,964.2591836734694,58353.0,-62800.0
309,10065,72885.7580882353,144268.6,1100.0,27188.600747496173,1.0,384.48014705882355,49001.0,-61300.0
310,10068,68874.72173913044,101117.1,1000.0,26062.87599367688,1.0,2508.6260869565217,33149.0,-38000.0
311,10134,60593.84067796614,119446.2,600.0,21974.288190104475,1.0,879.6440677966102,48627.0,-46800.0
312,10148,44135.943835616454,61159.2,700.0,9993.7115936999,1.0,538.5246575342466,20262.0,-10400.0
313,10202,46147.52168674695,120227.9,300.0,29670.98796380573,1.0,116.63132530120481,47968.0,-58900.0
314,10215,42830.99523809522,58281.2,300.0,9857.958953203319,1.0,737.2396825396826,21466.0,-11600.0
315,10233,37233.14339622638,77714.9,500.0,12741.36862395962,1.0,269.9141509433962,35871.0,-29600.0
316,10243,68510.41730769233,131410.1,200.0,27032.8497675628,1.0,1062.3326923076927,49919.0,-62000.0
317,10257,54062.07923076921,126763.3,900.0,25528.823087216588,1.0,518.523076923077,49874.0,-54100.0
318,10280,58819.48769230771,111159.5,600.0,22066.350640769957,1.0,824.9476923076924,52221.0,-60500.0
319,10345,25084.423664122143,46698.9,1000.0,8521.24976297791,1.0,106.35343511450384,15171.0,-9800.0
320,10351,18675.060305343504,32019.4,800.0,5238.609386229244,1.0,102.52824427480914,11800.0,-7000.0
321,10361,56531.81724137928,106368.8,500.0,24247.686645578247,1.0,596.1258620689655,65160.0,-40600.0
322,10365,31518.18205128205,88731.8,-718.6,20629.925861099913,-1.0,148.276923076923,41871.0,-30000.0
323,10404,48180.37787610617,77920.1,300.0,13378.644686694153,1.0,271.14159292035396,36932.0,-23900.0
324,10445,54304.50852713175,88158.1,800.0,14228.947498673431,1.0,407.4922480620154,35865.0,-37120.0
325,10478,62460.22678571422,137673.6,200.0,31861.593317575807,1.0,103.24017857142894,42297.0,-61500.0
326,10493,45733.435483870955,83556.1,300.0,20414.41994525505,1.0,388.45806451612907,47382.0,-32600.0
327,10613,58128.0311111111,94979.3,700.0,22774.886854981123,1.0,1556.4133333333334,46838.0,-72000.0
328,10644,61366.86933333335,120646.8,400.0,22661.35829606039,1.0,886.1840000000002,67488.0,-47000.0
329,10645,64087.07016129029,134634.4,500.0,23975.57853390495,1.0,220.0225806451612,73890.0,-62700.0
330,10650,72465.66956521738,135473.2,300.0,30856.626329016868,1.0,3507.8130434782606,70352.0,-45400.0
331,10652,41690.600000000006,87185.5,700.0,16927.388702656517,1.0,338.4755813953487,45213.0,-34200.0
332,10679,64942.89333333335,111796.9,900.0,28961.929740251046,1.0,2925.5399999999995,74176.0,-45700.0
333,10711,78724.20970149257,97336.5,1100.0,16373.293143798599,1.0,665.0865671641792,33066.0,-23000.0
334,10774,28634.13921568627,41024.0,1000.0,8016.806960032864,1.0,562.3078431372548,9200.0,-7500.0
335,10789,59138.441780821915,150977.5,900.0,25823.684557712557,1.0,523.2130136986302,48560.0,-57600.0
336,10799,28375.804000000007,37613.5,800.0,7195.005761508947,1.0,732.546,9400.0,-16300.0
337,10807,48557.38070175438,92407.6,600.0,19396.025620660006,1.0,1131.5333333333335,50602.0,-36800.0
338,10812,54575.39882352948,140245.8,300.0,28027.564719301627,1.0,290.5847058823528,48538.0,-40700.0
339,10857,29028.266101694928,66054.9,700.0,19243.80993883318,1.0,176.52372881355936,43502.0,-27100.0
340,10905,41985.62040816326,53271.2,1000.0,9814.240638203997,1.0,872.6959183673471,13722.0,-6000.0
341,10915,20874.116101694934,52438.0,600.0,9790.925693713747,1.0,81.70932203389827,22868.0,-15200.0
342,10954,40748.34523809522,58660.4,300.0,11470.114892915593,1.0,1054.9571428571428,19137.0,-11900.0
343,11027,33044.01566265063,51009.5,800.0,8252.713497278719,1.0,389.79397590361447,18038.0,-20320.0
344,11069,42572.410084033574,97010.1,1100.0,16541.33759794592,1.0,384.0899159663866,45673.0,-37000.0
345,11079,66405.07079646023,125191.7,300.0,25389.78426954882,1.0,392.44070796460176,73724.0,-64100.0
346,11096,37524.886363636346,64468.6,800.0,14909.062931918304,1.0,1714.3954545454544,36368.0,-27400.0
347,11141,52484.82250000001,106467.0,200.0,27425.065485451003,1.0,1924.65,47238.0,-78600.0
348,11231,60522.04038461537,109529.5,900.0,20954.26377318421,1.0,1194.6115384615384,66964.0,-50900.0
349,11244,51964.01927710842,108538.5,200.0,24707.29100625304,1.0,668.0385542168676,47085.0,-47600.0
350,11271,26491.780180180172,43949.4,200.0,7217.69610312447,1.0,177.99819819819817,16833.0,-11500.0
351,11317,64978.07241379313,135890.4,700.0,26748.86036560322,1.0,527.6448275862069,49407.0,-61700.0
352,11327,55438.851851851854,81495.6,300.0,14622.737828138348,1.0,1150.3574074074074,30462.0,-23600.0
353,11328,38619.102830188676,102466.2,1000.0,17484.95575947918,1.0,295.31415094339616,44135.0,-61000.0
